Rank,Company_Name,Revenue_$M,Revenue_change%,Profits_$M,Profits_change%,Assets_$M,Market_Value_$M,Employees
1,Walmart,572754,2.4,13673,1.2,244860,409795.0,2300000
2,Amazon,469822,21.7,33364,56.4,420549,1658807.0,1608000
3,Apple,365817,33.3,94680,64.9,351002,2849538.0,154000
4,CVS Health,292111,8.7,7910,10.2,232999,132839.0,258000
5,UnitedHealth Group,287597,11.8,17285,12.2,212206,479830.0,350000
6,Exxon Mobil,285640,57.4,23040,0.0,338923,349652.0,63000
7,Berkshire Hathaway,276094,12.5,89795,111.2,958784,779542.0,372000
8,Alphabet,257637,41.2,76033,88.8,359268,1842326.0,156500
9,McKesson,238228,3.1,-4539,-604.3,65015,45858.0,67500
10,AmerisourceBergen,213989,12.7,1540,0.0,57338,32356.0,40000
11,Costco Wholesale,195929,17.5,5007,25.1,59268,255231.0,288000
12,Cigna,174078,8.5,5365,-36.6,154889,76286.0,72963
13,AT&T,168864,-1.7,20081,0.0,551622,169262.0,202600
14,Microsoft,168088,17.5,61271,38.4,333779,2311359.0,181000
15,Cardinal Health,162467,6.2,611,0.0,44453,15709.0,46827
16,Chevron,162465,71.6,15625,0.0,239535,317120.0,42595
17,Home Depot,151157,14.4,16433,27.7,71876,309313.0,490600
18,Walgreens Boots Alliance,148579,6.5,2542,457.5,81285,38671.0,258500
19,Marathon Petroleum,141032,58.5,9738,0.0,85373,47758.0,17700
20,Anthem,138639,13.8,6104,33.5,97460,118534.0,98200
21,Kroger,137888,4.1,1655,-36.0,49086,41496.0,420000
22,Ford Motor,136341,7.2,17937,0.0,257035,67958.0,183000
23,Verizon Communications,133613,4.1,22065,24.0,366596,213837.0,118400
24,JPMorgan Chase,127202,-1.8,48334,65.9,3743567,402527.0,271025
25,General Motors,127004,3.7,10019,55.9,244718,63555.0,157000
26,Centene,125982,13.4,1347,-25.5,78375,49072.0,72500
27,Meta Platforms,117929,37.2,39370,35.1,165987,605251.0,71970
28,Comcast,116385,12.4,14159,34.4,275905,212246.0,189000
29,Phillips 66,114852,75.4,1317,0.0,55594,41561.0,14000
30,Valero Energy,108332,80.2,930,0.0,57888,41572.0,9804
31,Dell Technologies,106995,13.6,5563,71.2,92735,38164.0,133000
32,Target,106005,13.3,6946,59.0,53811,98134.0,450000
33,Fannie Mae,101543,-4.6,22176,87.9,4229166,909.0,7400
34,UPS,97287,15.0,12890,859.8,69405,186817.0,400945
35,Lowe's,96250,7.4,8442,44.7,44640,133761.0,270000
36,Bank of America,93851,0.1,31978,78.7,3169495,332433.0,208248
37,Johnson & Johnson,93775,13.6,20878,41.9,182018,466047.0,141700
38,Archer Daniels Midland,85249,32.5,2709,52.9,56136,50769.0,39979
39,FedEx,83959,21.3,5231,306.8,82777,59971.0,484000
40,Humana,83064,7.7,2933,-12.9,44358,55155.0,95500
41,Wells Fargo,82407,2.6,21548,552.8,1948068,184225.0,247848
42,State Farm Insurance,82225,4.2,1281,-65.7,325349,131200.0,53586
43,Pfizer,81288,94.0,21979,128.6,181476,292385.3,79000
44,Citigroup,79865,-10.1,21952,98.7,2291413,105330.1,221768
45,PepsiCo,79474,12.9,7618,7.0,92377,231528.2,309000
46,Intel,79024,1.5,19868,-4.9,168406,202635.8,121100
47,Procter & Gamble,76118,7.3,14306,9.8,119307,366271.6,101000
48,General Electric,74196,-6.8,-6520,-214.3,198874,100810.2,168000
49,IBM,72344,-1.7,5743,2.7,132001,116928.3,297800
50,MetLife,71080,4.8,6554,21.2,759708,57986.5,43000
51,Prudential Financial,70934,24.4,7724,0.0,937582,44482.2,40916
52,Albertsons,69690,11.6,850,82.3,26598,16063.7,300000
53,Walt Disney,67418,3.1,1995,0.0,203609,249718.1,171000
54,Energy Transfer,67417,73.1,5470,0.0,105963,34496.9,12558
55,Lockheed Martin,67044,2.5,6315,-7.6,50873,117648.2,114000
56,Freddie Mac,65898,-0.5,12109,65.3,3025586,510.3,7301
57,Goldman Sachs Group,64989,21.5,21635,128.7,1463988,117667.6,43900
58,Raytheon Technologies,64388,13.8,3864,0.0,161404,147640.9,174000
59,HP,63487,12.1,6503,128.7,38610,38237.2,51000
60,Boeing,62286,7.1,-4202,0.0,138552,113058.7,142000
61,Morgan Stanley,61121,17.4,15034,36.7,1188140,155685.6,74814
62,HCA Healthcare,58752,14.0,6956,85.3,50742,75691.9,244000
63,AbbVie,56197,22.7,11542,150.0,146529,286332.4,50000
64,Dow,54968,42.6,6311,415.2,62990,46839.7,35700
65,Tesla,53823,70.7,5519,665.5,62131,1113707.8,99290
66,Allstate,53228,18.8,1599,-71.3,99440,38553.7,54500
67,AIG,52057,19.0,9388,0.0,596112,50608.2,36600
68,Best Buy,51761,9.5,2454,36.5,17504,20473.2,81375
69,Charter Communications,51682,7.5,4654,44.4,142491,112803.4,93700
70,Sysco,51298,-3.0,524,143.3,21414,41433.1,57710
71,Merck,51216,6.7,13049,84.6,105694,207400.5,67500
72,New York Life Insurance,51199,9.6,277,0.0,379985,23880.0,14344
73,Caterpillar,50971,22.1,6489,116.4,82793,119406.6,107700
74,Cisco Systems,49818,1.0,10591,-5.6,97497,231636.4,79500
75,TJX,48550,51.1,3283,3528.6,28462,71195.3,340000
76,Publix Super Markets,48394,7.1,4412,11.1,31524,48000.0,232000
77,ConocoPhillips,48349,151.1,8079,0.0,90661,129605.1,9900
78,Liberty Mutual Insurance Group,48200,10.1,3068,304.7,156043,8270.0,45000
79,Progressive,47702,11.8,3351,-41.3,71132,66670.3,49077
80,Nationwide,47376,13.0,1617,0.0,278412,1240.0,24134
81,Tyson Foods,47049,8.9,3047,47.8,36309,32487.8,137000
82,Bristol-Myers Squibb,46385,9.1,6994,0.0,109314,155203.5,32200
83,Nike,44538,19.1,5727,125.6,37740,212779.1,73300
84,Deere,44024,23.9,5963,116.8,84114,127456.6,75550
85,American Express,43663,14.3,8060,157.1,188548,141613.0,64000
86,Abbott Laboratories,43075,24.5,7071,57.3,75196,208725.8,113000
87,StoneX Group,42534,-21.4,116,-31.4,18840,1494.4,3242
88,Plains GP Holdings,42078,80.7,60,0.0,29978,2242.9,4100
89,Enterprise Products Partners,40807,50.0,4638,22.8,67526,56172.4,6911
90,TIAA,40526,-2.6,4061,627.6,698191,4510.0,15065
91,Oracle,40479,3.6,13746,35.6,131107,220736.6,132000
92,Thermo Fisher Scientific,39211,21.7,7725,21.2,95123,231057.4,129000
93,Coca-Cola,38655,17.1,9771,26.1,94354,268769.7,79000
94,General Dynamics,38469,1.4,3257,2.8,50073,67081.0,103100
95,CHS,38448,35.4,554,31.1,17576,366.93,9941
96,USAA,37470,3.2,3300,-15.5,210677,27400.0,37335
97,Northwestern Mutual,36751,8.8,978,130.1,334654,558000.0,7585
98,Nucor,36484,81.2,6828,846.3,25823,39954.0,28800
99,Exelon,36347,10.0,1706,-13.1,133013,46683.9,31518
100,Massachusetts Mutual Life Insurance,35900,51.7,319,0.0,383292,39000.0,10052
101,Northrop Grumman,35667,-3.1,7005,119.7,42579,69811.9,88000
102,3M,35355,9.9,5921,10.0,47072,84738.3,95000
103,Travelers,34816,8.9,3662,35.8,120466,44129.4,30492
104,Arrow Electronics,34477,20.2,1108,89.6,19536,7951.3,20700
105,Honeywell International,34392,5.4,5542,16.0,64470,133381.0,99000
106,Dollar General,34220,1.4,2399,-9.6,26327,50953.0,163000
107,Qualcomm,33566,42.6,9043,74.0,41240,172228.1,45000
108,Capital One Financial,32033,1.2,12390,356.5,432381,53260.4,50767
109,TD Synnex,31614,28.1,395,-25.3,27666,9853.6,27000
110,Philip Morris International,31405,9.4,9109,13.1,41290,145614.7,69600
111,World Fuel Services,31337,53.9,74,-32.8,5942,1715.5,4414
112,Performance Food Group,30399,21.2,41,0.0,7846,7880.9,22885
113,Delta Air Lines,29899,74.9,280,0.0,72459,25322.0,83000
114,American Airlines Group,29882,72.4,-1993,0.0,66467,11847.2,123400
115,Netflix,29698,18.8,5116,85.3,44585,166304.1,11300
116,Paramount Global,29579,13.0,4543,87.6,58620,24628.8,25115
117,US Foods Holding,29487,28.8,164,0.0,12521,8392.3,28000
118,Danaher,29453,32.2,6433,76.4,83184,209993.4,79000
119,Jabil,29285,7.4,696,1191.0,16654,8857.3,238000
120,Starbucks,29061,23.6,4199,352.4,31393,104642.8,383000
121,Mondelez International,28720,8.0,4300,21.0,67092,87159.2,79000
122,Eli Lilly,28318,15.4,5582,-9.9,48806,272723.6,35238
123,Hewlett Packard Enterprise,27784,3.0,3427,0.0,57699,21725.3,60400
124,D.R. Horton,27774,36.7,4176,75.9,24016,26403.2,11788
125,Molina Healthcare,27771,43.0,659,-2.1,12209,19572.9,14000
126,CBRE Group,27746,16.5,1837,144.2,22074,30414.2,105000
127,Micron Technology,27705,29.3,5861,118.1,58849,86977.2,43000
128,Broadcom,27450,14.9,6736,127.6,75570,257086.5,20000
129,Gilead Sciences,27305,10.6,6225,4961.0,67952,74656.5,14400
130,PBF Energy,27253,80.3,231,0.0,11641,2932.6,3418
131,Lennar,27131,20.6,4430,79.7,33208,23413.0,10753
132,United Natural Foods,26992,0.9,149,0.0,7525,2409.3,28300
133,NRG Energy,26989,196.8,2187,328.8,23182,9289.0,6635
134,Nvidia,26914,61.4,9752,125.1,44187,684878.6,22473
135,Occidental Petroleum,26772,60.5,2322,0.0,75036,53160.2,11678
136,Salesforce,26492,24.7,1444,-64.5,95209,210196.8,73541
137,Dollar Tree,26321,3.2,1328,-1.0,21722,36051.4,136226
138,KKR,26141,171.5,4667,133.0,264285,51542.9,3238
139,Kraft Heinz,26042,-0.5,1012,184.3,93394,48248.6,36000
140,Amgen,25979,2.2,5893,-18.9,61165,134700.8,24200
141,AutoNation,25844,26.7,1373,259.8,8944,6111.4,22200
142,Penske Automotive Group,25555,25.0,1188,118.5,13465,7196.7,24797
143,PayPal Holdings,25371,18.3,4169,-0.8,75803,134732.8,30900
144,Macy's,25292,39.8,1430,0.0,17590,7123.2,88857
145,Duke Energy,24677,5.2,3908,183.8,169587,85967.0,27605
146,United Airlines Holdings,24634,60.4,-1964,0.0,68175,15049.7,84100
147,Visa,24105,10.3,12311,13.3,82896,480022.5,21500
148,Rite Aid,24043,9.6,-91,0.0,9335,488.1,50000
149,Cummins,24021,21.3,2131,19.1,23710,29140.9,59900
150,U.S. Bancorp,23714,-6.0,7963,60.6,573284,78929.8,68796
151,Paccar,23522,25.6,1852,42.6,29302,30619.7,28500
152,McDonald's,23223,20.9,7545,59.5,53854,183873.6,200000
153,Southern,23113,13.4,2393,-23.3,127534,76877.0,27164
154,C.H. Robinson Worldwide,23102,42.5,844,66.7,7028,13855.8,16877
155,Truist Financial,23064,-5.6,6440,43.7,541241,75353.9,51462
156,Applied Materials,23063,34.1,5888,62.7,25825,116431.4,27000
157,Freeport-McMoRan,22845,60.9,4306,618.9,48022,72360.8,24700
158,Lithia Motors,22832,74.0,1060,125.4,11147,8909.8,21150
159,Blackstone,22577,270.0,5857,460.3,41196,88907.2,3795
160,Hartford Financial Services Group,22390,9.1,2365,36.2,76578,23815.6,18100
161,Aflac,22106,-0.2,4325,-9.5,157542,41812.8,12447
162,Whirlpool,21985,13.0,1783,64.9,20285,10101.2,69000
163,Union Pacific,21804,11.6,6523,21.9,63525,171681.6,32124
164,International Paper,21780,5.8,1752,263.5,25243,17301.1,38200
165,Altria Group,21111,1.3,2475,-44.6,39523,94951.7,6000
166,CDW,20821,12.7,989,25.4,13199,24140.2,13900
167,ManpowerGroup,20724,15.1,382,1506.7,9829,5025.6,30000
168,PG&E,20642,11.8,-102,0.0,103327,29433.7,26000
169,Carrier Global,20613,18.1,1664,-16.0,26172,39127.4,58000
170,Baker Hughes,20502,-1.0,-219,0.0,35308,37410.2,54000
171,Cleveland-Cliffs,20444,281.8,2988,0.0,18975,16891.2,26000
172,United States Steel,20275,108.1,4174,0.0,17816,9832.3,24540
173,Becton Dickinson,20248,18.3,2092,139.4,53866,75749.1,75000
174,CarMax,20092,-6.2,747,-15.9,21542,15598.9,26889
175,Sherwin-Williams,19945,8.6,1864,-8.2,20667,65037.9,61626
176,Builders FirstSource,19894,132.4,1725,450.3,10714,11408.9,28000
177,Marsh & McLennan,19820,15.1,3143,55.9,34388,85681.3,83000
178,PNC Financial Services Group,19698,-18.1,5674,-24.5,557191,77203.4,58547
179,Lumen Technologies,19687,-4.9,2033,0.0,57993,11533.4,36000
180,Avnet,19535,10.8,193,0.0,8925,4016.9,14500
181,Tenet Healthcare,19485,10.5,914,129.1,27579,9387.6,88968
182,Kimberly-Clark,19440,1.6,1814,-22.9,17837,41496.1,45000
183,Kohl's,19433,21.8,938,0.0,15054,7774.6,67000
184,BlackRock,19374,19.6,5901,19.6,152648,116186.2,18400
185,Jones Lang LaSalle,19367,16.7,962,138.9,15505,11945.5,98200
186,Lear,19263,13.0,374,135.9,13352,8513.1,160100
187,Lincoln National,19230,10.3,1405,181.6,387301,11271.6,10848
188,Charles Schwab,18996,56.9,5855,77.5,667270,159675.9,33400
189,Ross Stores,18916,50.9,1723,1917.5,13640,31741.7,100000
190,Mastercard,18884,23.4,8687,35.5,37669,349330.5,24000
191,Genuine Parts,18871,8.5,899,0.0,14352,17888.1,52000
192,WestRock,18746,6.6,838,0.0,29254,12379.0,49900
193,EOG Resources,18642,69.0,4664,0.0,38236,69796.0,2800
194,Cognizant Technology Solutions,18507,11.1,2137,53.5,17852,47035.0,330600
195,Moderna,18471,2199.1,12202,0.0,24669,69424.3,2700
196,Steel Dynamics,18409,91.7,3214,483.5,12531,15811.5,10640
197,HF Sinclair,18389,64.4,558,0.0,12917,8895.8,4208
198,Texas Instruments,18344,26.9,7769,38.9,24676,169329.6,31000
199,Emerson Electric,18236,8.6,2303,17.2,24715,58241.7,86700
200,WESCO International,18218,47.8,465,362.8,12618,6598.5,18000
201,General Mills,18127,2.8,2340,7.3,31842,40781.8,35000
202,Tenneco,18035,17.3,35,0.0,11622,1523.0,71000
203,Waste Management,17931,17.8,1816,21.4,29097,65802.8,48500
204,Viatris,17886,49.7,-1269,0.0,54843,13160.2,37000
205,DISH Network,17881,15.4,2411,36.8,48002,16743.1,14500
206,L3Harris Technologies,17814,-2.1,1846,65.0,34709,47969.6,47000
207,DXC Technology,17729,-9.4,-149,0.0,22038,7977.3,134000
208,Block,17661,86.0,166,-22.0,13926,78655.9,8521
209,Goodyear Tire & Rubber,17478,41.9,764,0.0,21402,4029.3,72000
210,Uber Technologies,17455,56.7,-496,0.0,38774,69753.0,29300
211,Colgate-Palmolive,17421,5.8,2166,-19.6,15040,63742.2,33800
212,Stanley Black & Decker,17253,18.7,1689,36.9,28180,22843.3,71300
213,DuPont,17160,-15.9,6467,0.0,45707,37739.7,28000
214,Stryker,17108,19.2,1994,24.7,34631,100978.1,46000
215,NextEra Energy,17069,-5.2,3573,22.4,140912,166264.1,15000
216,Targa Resources,16950,105.2,71,0.0,15208,17243.8,2430
217,Western Digital,16922,1.1,821,0.0,26132,15536.4,65600
218,PPG Industries,16802,21.5,1439,35.9,21351,30951.9,49300
219,American Electric Power,16792,12.6,2488,13.1,87669,50338.6,16688
220,Gap,16670,20.8,256,0.0,12761,5206.6,97000
221,BJ's Wholesale Club,16667,8.0,427,1.3,5669,9146.9,34000
222,Reinsurance Group of America,16658,14.1,617,48.7,92175,7354.6,3500
223,Kinder Morgan,16610,42.0,1784,1399.2,70416,42878.1,10529
224,Oneok,16540,93.6,1500,144.7,23622,31516.0,2847
225,Expeditors Intl. of Washington,16524,72.4,1416,103.3,7610,17268.8,19070
226,Advanced Micro Devices,16434,68.3,3162,27.0,12419,177936.1,15500
227,Fiserv,16226,9.3,1334,39.2,76249,66132.8,44000
228,Est√©e Lauder,16215,13.4,2870,319.6,21971,97672.1,53320
229,Bank of New York Mellon,16158,-4.6,3759,3.9,444438,40056.7,49100
230,Laboratory Corp. of America,16121,15.3,2377,52.8,20385,24625.8,71725
231,Regeneron Pharmaceuticals,16072,89.1,8075,129.9,25435,75806.0,10368
232,Land O'Lakes,15916,14.1,287,8.5,9560,0.0,9000
233,Cheniere Energy,15864,69.5,-2343,0.0,39258,35272.3,1550
234,Southwest Airlines,15790,74.5,977,0.0,36320,27129.3,55093
235,Adobe,15785,22.7,4822,-8.3,27241,215280.5,25988
236,Synchrony Financial,15752,-4.4,4221,204.8,95748,18145.5,18000
237,Corteva,15655,10.1,1759,158.3,42344,41774.9,21000
238,Fidelity National Financial,15643,45.1,2422,69.7,60690,13849.6,28290
239,DTE Energy,15369,26.2,907,-33.7,39719,25614.6,10300
240,Murphy USA,15319,61.2,397,2.8,4048,4888.6,10430
241,Halliburton,15295,5.9,1457,0.0,22321,34028.9,40000
242,Automatic Data Processing,15005,2.8,2599,5.4,48773,95577.1,56000
243,Edison International,14905,9.8,759,2.7,74745,26693.8,13003
244,BorgWarner,14838,46.0,537,7.4,16575,9335.0,49300
245,Nordstrom,14789,38.0,178,0.0,8869,4321.3,72000
246,Loews,14657,16.5,1578,0.0,81626,15971.3,10340
247,Guardian Life Ins. Co. of America,14648,8.0,289,1128.5,90420,90100.0,9150
248,Pioneer Natural Resources,14643,119.0,2118,0.0,36811,60728.3,1932
249,AutoZone,14630,15.8,2170,25.2,14516,40582.6,85050
250,Lam Research,14626,45.6,3909,73.6,15892,74996.7,14100
251,American Family Insurance Group,14612,11.8,735,82.2,36316,12000.0,13590
252,Illinois Tool Works,14455,15.0,2694,27.7,16077,65311.9,45000
253,Parker-Hannifin,14348,4.8,1746,44.7,20341,36456.8,54640
254,Otis Worldwide,14298,12.1,1246,37.5,12279,32700.9,70000
255,Omnicom Group,14289,8.5,1408,48.9,28422,17565.7,71700
256,Principal Financial,14263,-3.2,1711,22.6,304657,19176.7,18600
257,Dominion Energy,14218,-11.8,3288,0.0,99590,68883.0,17100
258,Kellogg,14181,3.0,1488,18.9,18178,21890.2,31000
259,Fluor,14157,-10.9,-440,0.0,7280,4051.7,40582
260,AECOM,14112,-13.9,173,0.0,11734,10856.5,51000
261,Reliance Steel & Aluminum,14093,59.9,1413,282.8,9536,11313.5,13950
262,Jacobs Engineering Group,14093,3.8,477,-3.0,14633,17807.4,53500
263,Corning,14082,24.6,1906,272.3,30154,31212.8,61200
264,Farmers Insurance Exchange,14055,18.4,-367,0.0,21741,1000.0,11787
265,Qurate Retail,14044,-0.9,340,-71.8,16249,1807.4,26745
266,Pacific Life,13936,38.5,1102,0.0,209486,14124.0,3861
267,PulteGroup,13927,26.2,1946,38.3,13353,10115.7,6182
268,Fidelity National Information Services,13877,10.6,417,163.9,82931,61215.1,65000
269,IQVIA Holdings,13874,22.1,966,246.2,24689,44140.8,79000
270,Marriott International,13857,31.1,1099,0.0,25553,57514.9,120000
271,Berry Global Group,13850,18.3,733,31.1,17882,7832.4,47000
272,Ball,13811,17.2,878,50.1,19714,28909.1,24300
273,Group 1 Automotive,13802,27.2,552,92.7,5749,2859.9,13711
274,Leidos Holdings,13737,11.7,753,19.9,13261,14727.7,43000
275,Wayfair,13708,-3.1,-131,-170.8,4570,11641.6,16681
276,Consolidated Edison,13676,11.7,1346,22.3,63116,33525.3,13871
277,Ameriprise Financial,13443,12.4,2760,79.9,175979,33213.0,12000
278,Xcel Energy,13431,16.5,1597,8.4,57851,39275.9,11321
279,O'Reilly Automotive,13328,14.8,2165,23.5,11719,45410.4,76158
280,Global Partners,13248,59.2,61,-40.5,2831,927.1,2960
281,Discover Financial Services,13221,2.1,5449,377.6,110242,31076.7,16700
282,Rocket Companies,13176,-17.6,308,55.7,32775,21905.9,26000
283,LKQ,13089,12.6,1091,70.9,12606,12941.4,46000
284,W.W. Grainger,13022,10.4,1043,50.1,6592,26358.0,23450
285,Quanta Services,12980,15.9,486,9.1,12855,18779.5,43700
286,Crown Holdings,12979,12.1,-560,-196.7,13858,15460.6,26000
287,Fox,12909,4.9,2150,115.2,22926,21423.2,9000
288,Sempra,12857,7.7,1317,-66.5,72045,53087.6,15390
289,Markel,12846,32.0,2425,197.2,48449,20037.5,20300
290,Carvana,12814,129.4,-135,0.0,7015,19549.5,21000
291,XPO Logistics,12806,-21.2,336,205.5,8707,8356.9,44700
292,Baxter International,12784,9.5,1284,16.5,33521,39017.9,60000
293,Ecolab,12733,-0.1,1130,0.0,21206,50548.4,47000
294,Tractor Supply,12731,19.9,997,33.1,7768,26171.6,34000
295,Andersons,12729,55.1,104,1248.7,4569,1708.2,2334
296,Keurig Dr Pepper,12683,9.2,2146,62.0,50598,53748.2,27500
297,Universal Health Services,12642,9.4,992,5.0,13094,10843.1,78850
298,CSX,12522,18.3,3781,36.7,40531,81587.8,20919
299,Henry Schein,12401,22.6,631,56.3,8481,11960.1,21600
300,Sonic Automotive,12396,26.9,349,0.0,4975,1728.8,10200
301,eBay,12394,9.2,13608,140.1,26626,33641.9,10800
302,Textron,12382,6.3,746,141.4,15827,16090.6,33000
303,Jones Financial (Edward Jones),12373,21.7,1605,24.9,32208,39360.0,50000
304,Community Health Systems,12368,4.9,230,-55.0,15217,1598.6,58500
305,Mosaic,12357,42.3,1631,144.8,22036,24492.6,12525
306,Thor Industries,12317,50.8,660,195.9,6654,4330.9,31000
307,Dick's Sporting Goods,12293,28.3,1520,186.6,9042,7986.6,34300
308,Newmont,12222,6.3,1166,-58.8,40564,62968.1,14400
309,Devon Energy,12206,139.8,2813,0.0,21025,39274.1,1600
310,Warner Bros. Discovery,12191,14.2,1006,-17.5,34427,12700.5,11000
311,J.B. Hunt Transport Services,12168,26.3,761,50.3,6794,21052.9,33045
312,Alcoa,12152,30.9,429,0.0,15025,16603.4,12200
313,Peter Kiewit Sons',12149,-2.5,753,-8.8,6238,9510.0,28800
314,Aramark,12096,-5.7,-91,0.0,14376,9655.5,248300
315,Vistra,12077,5.5,-1274,-300.3,29683,10434.7,5060
316,State Street,12030,-0.4,2693,11.3,314624,31891.8,38784
317,Unum Group,12014,-8.7,824,3.9,70116,6382.8,10200
318,Alleghany,12004,34.9,1035,917.1,32269,11396.1,13313
319,Boston Scientific,11888,19.9,1041,0.0,32229,63310.2,41000
320,Westlake,11778,57.0,2015,510.6,18459,15785.4,14550
321,Entergy,11743,16.1,1119,-19.4,59454,23760.4,12369
322,International Flavors & Fragrances,11656,129.3,270,-25.7,39658,33455.6,24000
323,DaVita,11619,0.6,979,26.5,17122,10892.5,69000
324,Mutual of Omaha Insurance,11459,3.3,579,-17.1,49853,47300.0,5739
325,Assurant,11410,13.0,1372,210.6,33912,10493.1,15600
326,Liberty Media,11400,21.8,398,0.0,44351,15239.1,6886
327,Hormel Foods,11386,18.5,909,0.1,12696,28089.2,20000
328,Icahn Enterprises,11328,85.0,-518,0.0,27746,15237.1,19536
329,Republic Services,11295,11.2,1290,33.4,24955,41841.7,35000
330,Mohawk Industries,11201,17.3,1033,100.4,14225,8081.8,43000
331,Conagra Brands,11185,1.2,1299,54.6,22196,16103.5,18600
332,Norfolk Southern,11142,13.8,3005,49.3,38493,68389.3,18100
333,AES,11141,15.3,-409,-989.1,32963,17172.1,8450
334,AGCO,11138,21.7,897,110.0,9182,10885.3,23300
335,Caesars Entertainment,11110,219.8,-1019,0.0,38031,16564.6,49000
336,Equitable Holdings,11036,-11.1,-439,0.0,292262,12041.2,10000
337,Advance Auto Parts,10998,8.8,616,25.0,12194,12644.8,54500
338,Biogen,10982,-18.3,1556,-61.1,23877,30950.4,9610
339,Auto-Owners Insurance,10980,24.0,1318,59.0,32487,817000.0,6441
340,Booking Holdings,10958,61.2,1165,1874.6,23641,96022.7,20199
341,Amphenol,10876,26.5,1591,32.2,14678,45130.1,90000
342,Quest Diagnostics,10788,14.3,1995,39.4,13611,16348.6,44500
343,FirstEnergy,10758,3.1,1283,18.9,45432,26181.6,12395
344,DCP Midstream,10707,69.9,391,0.0,13380,6993.2,1788
345,Ally Financial,10690,-0.8,3060,182.0,182114,14411.6,10500
346,Delek US Holdings,10648,45.8,-204,0.0,6728,1500.2,3312
347,Williams,10627,37.7,1517,619.0,47612,40670.4,4783
348,Newell Brands,10589,12.8,572,0.0,14179,8902.4,32000
349,Eastman Chemical,10476,23.6,857,79.3,15519,14450.1,14000
350,Air Products & Chemicals,10323,16.6,2099,11.3,26859,55409.4,20750
351,Thrivent Financial for Lutherans,10313,26.5,2530,297.2,116525,13695.0,3256
352,Molson Coors Beverage,10280,6.5,1006,0.0,27619,11631.8,16300
353,Interpublic Group,10241,13.0,953,171.4,19909,13965.9,55600
354,Weyerhaeuser,10201,35.4,2607,227.1,17652,28315.0,9214
355,Altice USA,10091,2.0,990,127.0,33215,5674.1,9000
356,Raymond James Financial,9910,21.3,1403,71.5,61891,22817.5,15000
357,EMCOR Group,9904,12.6,384,188.5,5441,5931.8,34000
358,Eversource Energy,9863,10.8,1221,1.3,48492,30403.2,9227
359,Yum China Holdings,9853,19.2,990,26.3,13223,17679.0,298500
360,Asbury Automotive Group,9838,37.9,532,109.3,8003,3714.8,14200
361,Owens & Minor,9785,12.4,222,641.8,3537,3375.6,17300
362,Public Service Enterprise Group,9722,1.2,-648,-134.0,48999,35145.5,12684
363,United Rentals,9716,13.9,1386,55.7,20292,25643.3,20400
364,MGM Resorts International,9680,87.5,1254,0.0,40899,18257.9,60500
365,Ryder System,9663,14.8,519,0.0,13834,4055.4,42800
366,Intuit,9633,25.4,2062,12.9,15516,135987.6,17350
367,Cincinnati Financial,9630,27.8,2946,142.2,31387,21813.3,5166
368,Erie Insurance Group,9620,11.0,1130,-3.7,27297,13000.0,5805
369,Univar Solutions,9536,15.4,461,770.7,6778,5459.8,9450
370,Huntington Ingalls Industries,9524,1.7,544,-21.8,10627,7991.0,44000
371,W.R. Berkley,9456,16.7,1023,92.7,32086,17658.8,7681
372,Western & Southern Financial Group,9442,17.2,361,76.7,62877,8610.0,2538
373,Insight Enterprises,9436,13.1,219,27.1,4689,3745.1,11624
374,News Corp.,9358,3.9,330,0.0,16771,13127.7,24000
375,American Tower,9357,16.4,2568,51.9,69888,114527.4,6378
376,Old Republic International,9342,30.4,1534,174.7,24982,7972.8,9600
377,Burlington Stores,9322,61.7,409,0.0,7090,12112.8,38599
378,Avis Budget Group,9313,72.4,1285,0.0,22600,14157.0,18500
379,ODP,9267,-4.6,-208,0.0,4865,2222.2,26000
380,VF,9239,-21.0,408,-40.0,13754,22112.9,33600
381,Bed Bath & Beyond,9233,-17.3,-151,0.0,6457,2170.5,37600
382,Seaboard,9229,29.5,570,101.4,7503,4881.6,13200
383,First American Financial,9221,30.1,1241,78.2,16451,7087.2,22233
384,Intercontinental Exchange,9168,11.2,4058,94.3,193502,74044.8,8858
385,PVH,9155,28.4,952,0.0,12397,5210.0,25000
386,Apollo Global Management,9124,332.2,1839,1073.9,30502,37194.0,2153
387,Jefferies Financial Group,9040,30.0,1674,116.0,60404,7933.9,5556
388,Hershey,8971,10.1,1478,15.5,10412,44461.5,17805
389,NVR,8970,18.6,1237,37.2,5835,15010.5,6600
390,Foot Locker,8958,18.7,893,176.5,8135,2850.0,33244
391,Dana,8945,25.9,197,0.0,7632,2544.4,40200
392,SpartanNash,8931,-4.5,74,-2.8,2207,1185.1,13300
393,Olin,8911,54.8,1297,0.0,8518,8062.0,7750
394,Chewy,8891,24.4,-74,0.0,2086,17147.3,21300
395,Jackson Financial,8848,0.0,3183,0.0,375484,3895.1,3150
396,Activision Blizzard,8803,8.9,2699,22.8,25056,62559.7,9800
397,Toll Brothers,8790,24.2,834,86.7,11538,5515.4,5100
398,Carlyle Group,8782,199.3,2975,754.3,21250,17427.5,1850
399,Graybar Electric,8767,20.7,262,115.4,3069,10500.0,8800
400,Ovintiv,8658,42.2,1416,0.0,14055,13987.5,1713
401,UFP Industries,8636,67.6,536,117.1,3245,4790.5,15000
402,Ulta Beauty,8631,40.3,986,460.7,4764,20837.8,28500
403,Constellation Brands,8615,3.3,1998,0.0,27105,43763.5,9300
404,Expedia Group,8598,65.4,12,0.0,21548,30476.5,14800
405,CommScope Holding,8587,1.8,-463,0.0,13260,1629.7,30000
406,Celanese,8537,51.0,1890,-4.8,11975,15434.1,8529
407,Global Payments,8524,14.8,966,65.2,45280,38545.6,25000
408,Owens Corning,8498,20.5,995,0.0,10015,9064.7,20000
409,Campbell Soup,8476,-6.3,1002,-38.5,11734,13446.9,14100
410,Huntsman,8453,40.3,1045,1.1,9392,8046.9,9000
411,Franklin Resources,8426,51.4,1831,129.2,24168,14019.3,10300
412,Avery Dennison,8408,20.6,740,33.1,7972,14327.4,36000
413,Masco,8375,14.9,410,-66.5,5575,12062.7,20000
414,CenterPoint Energy,8352,-5.5,1486,0.0,37679,19285.8,9418
415,Fifth Third Bancorp,8329,-0.9,2770,94.1,211116,29511.3,19112
416,WEC Energy Group,8316,14.8,1300,8.4,38989,31483.5,6938
417,S&P Global,8297,11.5,3024,29.3,15026,142343.5,22850
418,FM Global,8275,21.7,2842,64.1,32161,4500.0,5560
419,Polaris,8252,16.1,494,295.8,5048,6264.1,16000
420,Williams-Sonoma,8246,21.6,1126,65.5,4626,10376.0,16600
421,Autoliv,8230,10.5,435,132.7,7537,6691.1,58176
422,Arthur J. Gallagher,8209,17.2,907,10.7,33345,36598.6,39000
423,Motorola Solutions,8171,10.2,1245,31.2,12189,40555.9,18700
424,Zillow Group,8147,143.9,-528,0.0,10696,12287.1,8005
425,Opendoor Technologies,8021,210.5,-662,0.0,9506,5364.1,2816
426,J.M. Smucker,8003,2.6,876,12.4,16284,14686.4,7100
427,Realogy Holdings,7983,28.3,343,0.0,7210,1852.1,9748
428,Oshkosh,7953,16.0,409,26.2,6722,6703.7,15000
429,MasTec,7952,25.8,329,1.9,7121,6657.0,27000
430,GXO Logistics,7940,0.0,153,0.0,7271,8193.0,97500
431,APA,7928,84.0,973,0.0,13303,14332.3,2253
432,Boise Cascade,7926,44.8,713,307.2,2573,2740.4,6130
433,Dover,7907,18.3,1124,64.4,10404,22610.3,25000
434,Genworth Financial,7882,-9.0,904,407.9,99171,1917.9,2500
435,Bath & Body Works,7882,-33.5,1334,57.9,6026,11419.9,32850
436,Booz Allen Hamilton Holding,7859,5.3,609,26.2,5500,11705.4,27700
437,Coinbase Global,7839,513.7,3624,1024.4,21274,41670.4,3730
438,Zimmer Biomet Holdings,7836,11.6,402,0.0,23456,26772.3,19500
439,Westinghouse Air Brake Technologies,7822,3.5,558,34.7,18454,17819.4,25000
440,Zoetis,7776,16.5,2037,24.4,13900,89008.9,12100
441,Packaging Corp. of America,7730,16.1,841,82.5,7837,14628.1,15200
442,LPL Financial Holdings,7721,31.5,460,-2.7,7992,14608.8,5919
443,T. Rowe Price,7672,23.6,3083,29.9,12509,34442.6,7529
444,Fortune Brands Home & Security,7656,25.7,772,39.6,7936,9830.7,28056
445,Casey's General Stores,7654,-5.6,313,18.6,4460,7354.4,27583
446,A-Mark Precious Metals,7613,39.4,160,423.2,1192,890.5,347
447,Hess,7583,57.8,559,0.0,20515,33155.2,1545
448,Vertex Pharmaceuticals,7574,22.1,2342,-13.6,13433,66436.9,3900
449,KeyCorp,7561,3.1,2625,95.5,186346,20592.5,16974
450,Chipotle Mexican Grill,7547,26.1,653,83.5,6653,44347.4,97660
451,CMS Energy,7538,12.8,1353,79.2,28753,20292.2,8813
452,Arconic,7504,32.2,-397,0.0,6580,2690.7,13900
453,Taylor Morrison Home,7501,22.4,663,172.4,8728,3301.6,3000
454,American Financial Group,7462,-5.7,1995,172.5,28931,12367.8,6600
455,UGI,7447,13.5,1467,175.8,16723,7599.1,11300
456,Science Applications International,7394,4.8,277,32.5,5746,5166.1,25090
457,Avantor,7386,15.5,573,391.1,13897,20629.1,13500
458,Hanesbrands,7348,10.3,77,0.0,7071,5191.4,58000
459,Clorox,7341,9.2,710,-24.4,6334,17108.7,9000
460,KBR,7339,27.3,18,0.0,6199,7634.9,28000
461,TravelCenters of America,7337,51.4,59,0.0,3509,637.5,16540
462,Hertz Global Holdings,7336,39.5,366,0.0,19783,9508.9,23000
463,Analog Devices,7318,30.6,1390,13.9,52322,86441.2,24700
464,Securian Financial Group,7317,6.5,312,28.1,75169,3300.0,6941
465,Darden Restaurants,7196,-7.8,629,0.0,10656,16980.9,156883
466,Graphic Packaging Holding,7156,9.1,204,21.9,10457,6154.4,25000
467,NCR,7156,15.3,97,0.0,11641,5474.7,38000
468,Brighthouse Financial,7142,-16.0,-108,0.0,259840,3958.7,1500
469,PPL,7127,-6.3,-1480,-200.7,33223,21001.9,5607
470,Cintas,7116,0.4,1111,26.8,8237,43566.7,40000
471,Xerox Holdings,7038,0.2,-455,-337.0,13223,3123.3,23300
472,Rockwell Automation,6997,10.5,1358,32.7,10702,32538.4,24500
473,Citizens Financial Group,6986,-9.0,2319,119.4,188409,19135.7,17463
474,KLA,6919,19.2,2078,70.8,10271,55170.9,11425
475,Camping World Holdings,6914,26.9,279,127.6,4373,2664.6,12834
476,Ingredion,6894,15.1,117,-66.4,6999,5814.2,12000
477,Veritiv,6851,8.0,145,322.8,2438,2008.0,6100
478,Beacon Roofing Supply,6820,-1.8,243,0.0,5549,4175.9,6676
479,Diamondback Energy,6797,141.6,2182,0.0,22898,24320.0,870
480,Victoria's Secret,6785,0.0,646,0.0,4344,4330.4,24000
481,Academy Sports and Outdoors,6773,19.1,671,117.4,4585,3433.5,16508
482,Sanmina,6757,-2.9,269,92.5,4207,2569.0,33500
483,ON Semiconductor,6740,28.3,1010,331.1,9626,27078.7,31650
484,Commercial Metals,6730,22.9,413,47.7,4639,5056.7,11089
485,EnLink Midstream,6686,71.7,22,0.0,8483,4670.6,1073
486,Southwestern Energy,6667,188.9,-25,0.0,11848,7989.7,938
487,Equinix,6636,10.6,500,35.3,27919,67280.5,10944
488,Dillard's,6624,49.4,863,0.0,3246,4928.2,25350
489,Regions Financial,6605,-0.8,2521,130.4,162938,20860.9,19626
490,Yum Brands,6584,16.5,1575,74.2,5966,34252.9,25650
491,Landstar System,6540,58.1,382,98.6,2046,5600.0,1399
492,CF Industries Holdings,6538,58.5,917,189.3,12375,21551.3,3003
493,Northern Trust,6488,3.0,1545,27.8,183890,24215.1,21100
494,Robert Half International,6461,26.5,599,95.5,2952,12638.1,14600
495,Compass,6421,72.6,-494,0.0,1801,3358.8,4775
496,Hasbro,6420,17.5,429,92.7,10038,11383.6,6640
497,Roper Technologies,6416,16.1,1153,21.4,23714,49868.8,19300
498,ARKO,6413,88.1,59,348.9,2942,1133.9,11236
499,Frontier Communications,6411,-10.4,0,0.0,16481,6763.1,15640
500,Ameren,6394,10.4,990,13.7,35735,24198.7,9116
501,O-I Glass,6357,4.4,149,-40.2,8832,2058.0,24000
502,Chemours,6345,27.7,608,177.6,7550,5015.0,6400
503,Crown Castle International,6340,8.6,1096,3.8,39040,79937.3,5000
504,Agilent Technologies,6319,18.4,1210,68.3,10705,39714.0,17000
505,McCormick,6318,12.8,755,1.1,12906,26754.0,14000
506,Skechers U.S.A.,6310,36.8,742,652.3,6491,6360.4,8950
507,Watsco,6280,24.2,419,55.4,3086,11842.6,6875
508,Live Nation Entertainment,6268,236.8,-651,0.0,14402,26425.0,16200
509,Lululemon athletica,6257,42.1,975,65.6,4943,46717.8,29000
510,ABM Industries,6229,4.0,126,42000.0,4436,3078.7,124000
511,Post Holdings,6227,9.3,167,20737.5,12415,4284.4,10735
512,Moody's,6218,15.8,2214,24.5,14680,62548.1,13460
513,Select Medical Holdings,6205,12.2,402,55.3,7360,3208.6,43200
514,Alaska Air Group,6176,73.2,478,0.0,13951,7314.3,21691
515,Big Lots,6151,-0.8,178,-71.7,3927,988.1,23350
516,Amkor Technology,6138,21.5,643,90.2,6039,5313.0,30400
517,Sinclair Broadcast Group,6134,3.2,-414,0.0,12541,2008.1,11500
518,RPM International,6106,10.9,503,65.1,6253,10560.8,15490
519,M&T Bank,6106,-2.8,1859,37.4,155107,21875.0,17342
520,Sprouts Farmers Market,6100,-5.7,244,-15.1,2923,3546.8,31000
521,Huntington Bancshares,6080,16.1,1295,58.5,174064,21123.4,18442
522,CACI International,6044,5.7,457,42.3,6172,7051.2,22000
523,JetBlue Airways,6037,104.2,-182,0.0,13642,4786.9,17459
524,SVB Financial Group,6027,47.7,1833,51.7,211478,32901.0,6567
525,Fastenal,6011,6.4,925,7.7,4299,34187.9,18370
526,GameStop,6011,18.1,-381,0.0,3499,12716.6,22500
527,Knight-Swift Transportation Holdings,5998,28.3,743,81.3,10656,8386.0,27650
528,Airbnb,5992,77.4,-352,0.0,13709,110419.9,6132
529,Patterson,5912,7.7,156,0.0,2752,3160.0,7800
530,Penn National Gaming,5905,65.0,421,0.0,16872,7140.2,21973
531,ServiceNow,5896,30.5,230,94.1,10798,111378.0,16881
532,Nasdaq,5886,4.6,1187,27.2,20115,29298.2,5814
533,Brunswick,5846,34.5,593,59.2,5425,6197.3,18582
534,Resideo Technologies,5846,15.3,242,554.1,5853,3455.8,13300
535,Chesapeake Energy,5809,11.5,0,0.0,11009,11135.9,1300
536,Petco Health and Wellness,5807,18.0,164,0.0,6498,5930.2,28495
537,Kemper,5793,11.3,-121,-129.4,14917,3606.0,10300
538,Hilton Worldwide Holdings,5788,34.4,410,0.0,15441,42356.6,142000
539,Cerner,5765,4.7,556,-28.8,7434,27492.2,25150
540,Levi Strauss,5764,29.5,554,0.0,5900,7874.7,16600
541,Tapestry,5746,15.8,834,0.0,8382,9807.2,14250
542,NetApp,5744,6.1,730,-10.9,9360,18470.5,11000
543,KB Home,5725,36.9,565,90.6,5836,2858.1,2244
544,Continental Resources,5719,121.1,1661,0.0,18591,22342.4,1254
545,Intuitive Surgical,5710,31.0,1705,60.7,13555,108361.9,9793
546,Under Armour,5684,27.0,360,0.0,4991,7712.4,12300
547,MDU Resources Group,5681,2.7,378,-3.1,8910,5419.3,12826
548,Silgan Holdings,5677,15.3,359,16.3,7771,5104.3,15720
549,Ryerson Holding,5675,63.7,294,0.0,2366,1344.6,4000
550,Ingersoll Rand,5655,15.2,563,0.0,15155,20541.2,16000
551,Hologic,5632,49.1,1872,67.8,8920,19305.1,6705
552,Electronic Arts,5629,1.7,837,-72.5,13288,35577.4,11000
553,Zebra Technologies,5627,26.5,837,66.1,6215,21959.1,9800
554,Coty,5616,-16.6,-201,0.0,13691,7540.6,11430
555,Schneider National,5609,23.2,405,91.5,3937,4551.6,17050
556,Sonoco Products,5590,6.7,-86,-141.2,5073,6099.1,20500
557,Concentrix,5587,0.0,406,0.0,5046,8605.2,290000
558,Evergy,5587,13.7,880,42.3,28521,15512.7,4930
559,Cornerstone Building Brands,5583,20.9,666,0.0,5828,3088.7,21700
560,Coca-Cola Consolidated,5563,11.1,190,9.9,3446,4657.3,15050
561,Greif,5556,23.1,391,259.1,5816,3134.0,16000
562,Vulcan Materials,5552,14.3,671,14.8,13683,24412.7,11912
563,Ametek,5547,22.2,990,13.5,11898,30787.3,18500
564,Monster Beverage,5541,20.5,1378,-2.3,7805,42295.8,3775
565,Sealed Air,5534,12.9,507,0.8,6229,9920.7,16500
566,NOV,5524,-9.3,-250,0.0,9550,7700.2,27043
567,Las Vegas Sands,5505,52.4,-961,0.0,20059,29696.4,44600
568,Martin Marietta Materials,5493,16.1,703,-2.6,14393,24015.1,10000
569,Marathon Oil,5467,77.2,946,0.0,16994,18349.5,1531
570,Mattel,5458,19.1,903,613.1,6394,7823.3,36300
571,Microchip Technology,5438,3.1,349,-38.8,16479,41777.1,19500
572,Harley-Davidson,5336,31.6,650,49978.9,11051,6062.9,5800
573,Telephone & Data Systems,5329,2.0,156,-31.0,13493,2163.4,8800
574,ADT,5307,-0.1,-341,0.0,16894,6843.0,25000
575,First Republic Bank,5305,17.7,1478,38.9,181087,29113.6,6295
576,Warner Music Group,5301,18.8,304,0.0,7211,19485.7,5900
577,Pool,5296,34.5,651,77.4,3230,16967.1,5650
578,Old Dominion Freight Line,5256,30.9,1034,53.8,4822,34307.5,23663
579,Fortive,5255,13.4,608,-62.3,16466,21877.9,18000
580,MDC Holdings,5255,34.7,574,56.1,4964,2692.7,2080
581,NGL Energy Partners,5243,-73.5,-640,0.0,5947,288.6,997
582,Edwards Lifesciences,5233,19.3,1503,82.5,8503,73141.4,15700
583,Hanover Insurance Group,5228,8.3,419,16.7,14254,5317.9,4400
584,Syneos Health,5213,18.1,235,21.8,8237,8436.7,27443
585,Xylem,5195,6.5,427,68.1,8276,15354.7,16700
586,Church & Dwight,5190,6.0,828,5.3,7997,24119.1,5100
587,American Axle & Manufacturing,5157,9.5,6,0.0,5636,888.3,18000
588,Meritage Homes,5141,14.2,737,74.1,4808,2907.3,1773
589,Workday,5139,19.0,29,0.0,10499,60583.4,15200
590,Rush Enterprises,5126,8.2,241,110.1,3120,2788.5,7141
591,Yellow,5122,13.5,-109,0.0,2426,360.3,32000
592,Encompass Health,5122,10.3,412,45.0,6865,7071.1,35681
593,Simon Property Group,5117,11.1,2250,102.2,33777,43197.8,2850
594,Globe Life,5113,7.9,745,1.8,29768,9977.3,3222
595,Skyworks Solutions,5109,52.3,1498,83.9,8591,21547.5,10945
596,Endeavor Group Holdings,5078,46.0,-297,0.0,11435,20363.1,7700
597,Twitter,5078,36.6,-221,0.0,14060,30976.8,7500
598,Leggett & Platt,5073,18.5,402,62.5,5307,4659.0,20300
599,Western Union,5071,4.9,806,8.3,8824,7374.7,10500
600,PerkinElmer,5067,34.0,943,29.6,15001,22009.4,16700
601,SS&C Technologies Holdings,5051,8.2,800,28.0,17333,19235.1,24900
602,CUNA Mutual Group,5050,24.7,622,327.7,44345,5200.0,4100
603,FMC,5045,8.7,737,33.5,10581,16563.8,6400
604,Carlisle,5030,18.5,422,31.7,7247,12804.5,11250
605,American Eagle Outfitters,5011,33.3,420,0.0,3787,2836.6,24000
606,Core & Main,5004,37.4,166,348.6,4434,5948.8,4100
607,Vertiv Holdings,4998,14.4,120,0.0,6940,5263.9,24000
608,Broadridge Financial Solutions,4994,10.3,548,18.4,8120,18182.7,13704
609,Ingles Markets,4988,8.2,250,39.8,2018,1691.4,18460
610,TPG,4976,135.3,2181,198.1,8962,9304.9,1013
611,Insperity,4973,16.0,124,-10.2,1753,3849.8,3600
612,Howmet Aerospace,4972,-5.5,258,-1.1,10219,15055.4,19900
613,R.R. Donnelley & Sons,4964,-8.1,4,-96.2,3131,8100.0,32000
614,Keysight Technologies,4941,17.1,894,42.6,7781,28746.6,14300
615,Tempur Sealy International,4931,34.1,625,79.0,4323,4997.7,12000
616,Scotts Miracle-Gro,4925,19.2,513,32.3,4800,6834.6,8050
617,Equifax,4924,19.3,744,43.1,11041,29141.8,12700
618,Kelly Services,4910,8.7,156,0.0,2894,856.0,7400
619,NiSource,4900,4.7,585,0.0,24157,12891.2,7307
620,OneMain Holdings,4895,0.0,1314,80.0,22079,6042.8,8800
621,DoorDash,4888,69.4,-468,0.0,6809,40830.3,8600
622,Avient,4819,48.6,231,75.4,4997,4388.4,8700
623,Sanderson Farms,4800,34.7,455,1509.6,2345,4185.4,17662
624,TransDigm Group,4798,-7.4,680,-2.7,19315,36135.8,13300
625,Stifel Financial,4783,25.3,825,63.8,34050,7226.0,8600
626,JELD-WEN Holding,4772,12.7,169,84.3,3739,1826.0,24700
627,Ares Management,4771,122.8,409,168.7,21605,23821.1,2100
628,Elanco Animal Health,4765,45.6,-472,0.0,16483,12345.4,9800
629,Prologis,4759,7.2,2940,98.4,58486,119524.5,2053
630,Welltower,4742,3.0,336,-65.7,34910,43001.5,464
631,Darling Ingredients,4741,32.7,651,119.3,6134,12987.4,9900
632,Juniper Networks,4735,6.5,253,-2.0,8887,11986.6,10191
633,Gartner,4734,15.5,794,197.5,7416,24477.2,16600
634,Par Pacific Holdings,4710,50.7,-81,0.0,2570,783.3,1336
635,Hubbell,4704,12.4,400,13.8,5282,9959.6,18300
636,CME Group,4690,-4.0,2636,25.2,196780,85492.3,3480
637,Nexstar Media Group,4648,3.3,835,2.9,13265,7728.3,11817
638,Tutor Perini,4642,-12.7,92,-15.2,4725,551.8,7800
639,Antero Resources,4619,32.3,-187,0.0,13897,9608.0,519
640,Teledyne Technologies,4614,49.5,445,10.8,14430,22102.9,14500
641,Snap-on,4602,16.7,821,30.9,6760,10976.1,12800
642,Rent-A-Center,4584,62.9,135,-35.2,2993,1486.9,14290
643,Covetrus,4575,5.4,-54,0.0,3410,2319.3,4873
644,Crestwood Equity Partners,4569,102.7,-79,0.0,4446,2931.5,645
645,Louisiana-Pacific,4553,63.3,1377,176.0,2194,5344.1,4800
646,Urban Outfitters,4549,31.9,311,25030.7,3791,2421.4,16330
647,Penn Mutual Life Insurance,4546,22.8,523,82.2,44191,4000.0,3194
648,Amerco,4542,14.2,611,38.2,14652,11704.7,22052
649,TriNet Group,4540,12.5,338,24.3,3309,6482.5,2800
650,Sentry Insurance Group,4526,26.2,740,266.7,23881,7500.0,4064
651,Illumina,4526,39.7,762,16.2,15217,54855.8,10775
652,Iron Mountain,4492,8.3,450,31.4,14450,16059.5,25000
653,LCI Industries,4473,60.0,288,81.6,3288,2624.5,13900
654,Marvell Technology,4462,50.3,-421,0.0,22109,60795.7,6712
655,PennyMac Financial Services,4450,-1.9,1004,-39.1,18777,2948.5,7208
656,Digital Realty Trust,4428,13.4,1709,379.6,36370,40337.7,3030
657,TreeHouse Foods,4406,-3.6,-13,-190.6,5207,1800.0,10000
658,Ralph Lauren,4401,-28.6,-121,-131.5,7888,8073.2,16200
659,Mattress Firm Group,4393,34.9,-165,-231.4,3539,1634.0,8900
660,American National Group,4392,15.8,699,49.6,31320,5084.1,4545
661,Autodesk,4386,15.7,497,-58.9,8607,46580.0,12600
662,Domino's Pizza,4357,5.8,511,3.9,1672,14665.9,10450
663,ASGN,4334,9.7,410,104.6,3503,6022.2,3900
664,Flowers Foods,4331,-1.3,206,35.4,3253,5438.6,8900
665,BlueLinx Holdings,4277,38.1,296,266.1,1318,699.5,2045
666,Palo Alto Networks,4256,24.9,-499,0.0,10242,61307.5,10473
667,Maximus,4255,22.9,291,35.8,4119,4641.1,35800
668,Dentsply Sirona,4251,27.2,421,0.0,9220,10708.0,15000
669,Hub Group,4232,21.1,172,133.1,2437,2678.5,4700
670,Voya Financial,4230,-53.7,2126,0.0,171262,7042.2,5970
671,Bread Financial Holdings,4230,-6.4,801,274.8,21746,2804.6,6000
672,Weis Markets,4224,2.7,109,-8.5,1911,1921.1,24000
673,Century Communities,4216,33.4,499,141.8,3497,1783.2,1600
674,Synopsys,4204,14.1,758,14.0,8752,51023.2,16361
675,Brink's,4200,13.8,105,557.5,5567,3234.4,73350
676,Lennox International,4194,15.4,464,30.2,2172,9447.2,11000
677,Service Corp. International,4143,18.0,803,55.6,15691,10581.3,20840
678,Conduent,4140,-0.6,-28,0.0,4036,1111.6,60000
679,Timken,4133,17.6,369,29.7,5171,4539.6,18029
680,Domtar,4132,-11.1,-27,0.0,4854,2790.0,6100
681,Bloomin' Brands,4122,30.0,216,0.0,3294,1966.6,82000
682,CNO Financial Group,4122,7.9,441,46.1,36204,2945.7,3350
683,Snap,4117,64.2,-488,0.0,7536,58458.4,5661
684,Zoom Video Communications,4100,54.6,1376,104.6,7551,35066.3,6787
685,Patrick Industries,4078,64.0,225,131.7,2651,1408.2,11000
686,Paychex,4057,0.4,1098,-0.1,9227,49268.0,15000
687,Atlas Air Worldwide Holdings,4031,25.5,493,36.9,6443,2523.4,4056
688,Bright Health Group,4029,233.7,-1185,0.0,3598,1213.5,3203
689,Peloton Interactive,4022,120.3,-189,0.0,4486,8760.9,8662
690,Country Financial,4016,65.3,419,47.4,16327,1991.0,3149
691,Qorvo,4015,24.0,734,119.4,7222,13456.4,8750
692,Catalent,3998,29.2,585,165.1,9112,19862.7,17300
693,Mercury General,3993,5.5,248,-33.8,6773,3045.4,4300
694,AMN Healthcare Services,3984,66.4,327,363.3,3132,4796.1,3800
695,Tri Pointe Homes,3982,22.1,469,66.3,4336,2160.1,1390
696,ArcBest,3980,35.4,214,200.3,2113,1979.7,14000
697,Toro,3960,17.2,410,24.3,2936,8936.9,10982
698,Spirit AeroSystems Holdings,3953,16.1,-541,0.0,7737,5130.6,16100
699,Align Technology,3953,59.9,772,-56.5,5942,34354.8,22540
700,loanDepot,3943,-11.3,114,-94.4,11812,1290.3,11307
701,APi Group,3940,9.8,47,0.0,5159,4891.1,13300
702,American Water Works,3930,4.1,1263,78.1,26075,30085.5,6400
703,Matson,3925,64.7,927,380.3,3693,4927.5,4259
704,Diebold Nixdorf,3905,0.1,-79,0.0,3507,531.2,22000
705,Marriott Vacations Worldwide,3890,34.8,49,0.0,9613,6620.0,20300
706,Terex,3887,26.1,221,0.0,2864,2485.5,8600
707,Sally Beauty Holdings,3875,10.3,240,111.8,2847,1720.5,29000
708,Enovis,3854,25.5,72,68.1,8515,6419.3,16200
709,IAC/InterActiveCorp,3845,26.2,598,121.5,12300,9001.4,13200
710,Meritor,3833,25.9,199,-18.8,2938,2519.4,9600
711,Ventas,3828,0.9,49,-88.8,24718,24676.2,434
712,GoDaddy,3816,15.0,242,0.0,7417,14018.7,6611
713,Regal Rexnord,3810,31.1,210,10.9,10282,10002.1,30000
714,Puget Energy,3806,14.4,261,42.8,15872,1000.0,3185
715,Clean Harbors,3806,21.0,203,50.7,5654,6073.8,18300
716,Pinnacle West Capital,3804,6.0,619,12.4,22003,8820.0,5872
717,eXp World Holdings,3771,109.7,81,160.9,414,3149.3,1669
718,Mueller Industries,3769,57.2,469,235.9,1729,3100.4,5337
719,Wynn Resorts,3764,79.6,-756,0.0,12531,9243.3,26950
720,RH,3759,32.0,689,153.3,5541,7079.0,6100
721,EPAM Systems,3758,41.3,482,47.2,3523,16870.7,58824
722,M/I Homes,3746,23.0,397,65.4,3240,1262.2,1657
723,Generac Holdings,3737,50.4,551,57.0,4878,18960.3,9248
724,Mettler-Toledo International,3718,20.5,769,27.6,3327,31220.3,16700
725,Abercrombie & Fitch,3713,18.8,263,0.0,2940,1619.5,19250
726,Teradyne,3703,18.6,1015,29.4,3809,19202.6,5900
727,American Equity Investment Life Holding,3690,52.2,474,-29.4,78349,3869.2,850
728,Southwest Gas Holdings,3681,11.6,201,-13.6,12765,5233.6,12720
729,Pitney Bowes,3674,3.4,-1,0.0,4959,900.1,11500
730,Lamb Weston Holdings,3671,-3.2,318,-13.1,4209,8699.1,7800
731,Alliant Energy,3669,7.4,659,7.3,18553,15670.6,3313
732,Resolute Forest Products,3664,30.9,307,2970.0,3538,991.7,6900
733,Parsons,3661,-6.6,64,-35.0,3831,4012.0,15500
734,Trimble,3659,16.2,493,26.4,7100,18122.7,11931
735,OGE Energy,3654,72.2,737,0.0,12606,8164.2,2185
736,Garrett Motion,3633,19.7,0,0.0,2706,463.9,7600
737,Winnebago Industries,3630,54.1,282,358.8,2063,1770.9,6532
738,Ciena,3621,2.5,500,38.4,4865,9223.4,7205
739,PriceSmart,3620,8.7,98,25.4,1706,2434.1,10400
740,Advantage Solutions,3602,14.2,55,0.0,5854,2029.6,45000
741,H&R Block,3589,35.9,684,0.0,4014,4284.6,38000
742,iHeartMedia,3558,20.7,-159,0.0,8881,2728.1,9990
743,Super Micro Computer,3557,6.5,112,32.7,2242,1963.0,4155
744,Flowserve,3541,-5.0,126,-3.4,4750,4681.4,16000
745,Charles River Laboratories International,3540,21.1,391,7.3,7024,14425.4,19300
746,A.O. Smith,3539,22.2,487,41.2,3474,10032.2,13700
747,New Residential Investment,3533,512.8,772,0.0,39742,5125.0,12296
748,Medical Mutual of Ohio,3515,-0.3,78,-22.0,2646,2000.0,2834
749,Granite Construction,3502,-1.7,10,0.0,2495,1504.7,2600
750,Valmont Industries,3502,20.9,196,39.0,3447,5083.4,11041
751,Sprague Resources,3498,49.8,-69,-303.8,1418,433.7,757
752,Primoris Services,3498,0.2,116,10.1,2543,1269.8,10810
753,Cboe Global Markets,3495,2.0,529,13.0,6815,12148.2,1196
754,Carter's,3486,15.3,340,209.7,3202,3763.4,15900
755,TopBuild,3486,28.3,324,31.2,4259,5987.1,13006
756,SiteOne Landscape Supply,3476,28.5,238,96.5,2116,7255.5,5475
757,Texas Roadhouse,3464,44.4,245,684.8,2512,5787.8,73300
758,Akamai Technologies,3461,8.2,652,17.0,8139,19210.0,8700
759,Acuity Brands,3461,4.0,306,23.4,3575,6628.9,13000
760,Brown-Forman,3461,2.9,903,9.2,6522,31376.6,4700
761,Navient,3454,-7.3,717,74.0,80605,2592.3,5263
762,Coterra Energy,3449,135.2,1158,477.5,19900,21872.1,936
763,Option Care Health,3439,13.4,140,0.0,2791,5139.0,6334
764,Floor & Decor Holdings,3434,41.5,283,45.3,3731,8573.8,9276
765,Public Storage,3416,17.2,1953,43.9,17381,68438.2,5800
766,Cabot,3409,30.4,250,0.0,3306,3871.1,4500
767,Crane Holdings,3408,16.0,435,140.6,4487,6158.9,11000
768,Atmos Energy,3408,20.8,666,10.7,19609,16182.8,4684
769,Selective Insurance Group,3379,15.6,404,63.9,10461,5391.5,2440
770,Take-Two Interactive Software,3373,9.2,589,45.6,6028,17744.1,6495
771,Boyd Gaming,3370,54.7,464,0.0,6224,7234.0,15114
772,Plexus,3369,-0.6,139,18.2,2462,2298.6,19200
773,ScanSource,3364,-6.8,11,0.0,1672,890.8,2200
774,Franchise Group,3363,56.2,364,1351.4,3913,1669.6,11895
775,NLV Financial,3351,30.2,392,102.5,41942,3000.0,1157
776,CrossAmerica Partners,3351,87.1,22,-79.8,1270,826.5,2218
777,Mr. Cooper Group,3344,22.4,1454,376.7,14204,3369.4,8200
778,Fortinet,3342,28.8,607,24.2,5919,54957.1,10195
779,Brinker International,3338,8.4,132,439.3,2275,1701.9,59491
780,Albemarle,3328,6.4,124,-67.1,10974,25899.4,6000
781,Peabody Energy,3318,15.2,360,0.0,4950,3391.5,4900
782,Light & Wonder,3310,21.5,371,0.0,7883,5679.7,5600
783,Evercore,3307,44.7,740,111.1,3803,4275.1,1940
784,Stewart Information Services,3306,44.5,323,108.7,2813,1635.1,7300
785,Central Garden & Pet,3304,22.6,152,25.7,3117,2286.5,6750
786,GMS,3299,1.8,106,351.5,2484,2142.1,5843
787,H.B. Fuller,3278,17.5,161,30.5,4275,3505.2,6500
788,Middleby,3251,29.3,489,135.7,6384,8961.1,10624
789,Renewable Energy Group,3244,51.8,214,74.1,2559,3056.2,1196
790,MSC Industrial Direct,3243,1.6,217,-13.6,2462,4758.3,6472
791,Vishay Intertechnology,3241,29.5,298,142.4,3543,2840.1,22800
792,Applied Industrial Technologies,3236,-0.3,145,502.1,2272,3947.9,5947
793,Lincoln Electric Holdings,3234,21.8,277,34.1,2592,8079.1,11000
794,First Horizon,3234,-4.6,999,18.2,89092,12542.9,7676
795,Spirit Airlines,3231,78.5,-473,0.0,8540,2375.4,9823
796,AptarGroup,3227,10.2,244,14.0,4141,7702.9,13000
797,Citrix Systems,3217,-0.6,308,-39.0,6976,12704.6,9700
798,IDEXX Laboratories,3215,18.8,745,28.0,2437,46089.3,10350
799,Tetra Tech,3214,7.3,233,33.9,2577,8906.7,21000
800,Lyft,3208,35.7,-1009,0.0,4774,13384.6,4453
801,Gannett,3208,-5.8,-135,0.0,2828,643.9,16300
802,ResMed,3197,8.1,475,-23.7,4728,35463.3,7970
803,Designer Brands,3197,43.0,155,0.0,2015,991.4,13500
804,Graham Holdings,3186,10.3,352,17.2,7426,3000.6,15048
805,Vroom,3184,134.5,-371,0.0,2367,364.7,1807
806,Worthington Industries,3171,3.7,724,818.6,3373,2537.8,9000
807,Calumet Specialty Products Partners,3148,38.8,-260,0.0,2128,1070.8,1450
808,Xilinx,3148,-0.5,647,-18.4,5519,48410.0,4890
809,TransUnion,3145,15.8,1387,304.2,12635,19882.6,10200
810,Travel + Leisure,3134,45.1,308,0.0,6588,4966.2,16800
811,Callaway Golf,3133,97.1,322,0.0,7748,4337.1,24800
812,Dycom Industries,3131,-2.1,49,41.5,2118,2821.0,15024
813,Columbia Sportswear,3126,25.0,354,227.8,3067,5840.4,8325
814,II-VI,3106,30.5,298,0.0,6513,7708.2,22961
815,Change Healthcare,3090,1470.4,-112,0.0,10113,6799.3,15000
816,Grocery Outlet Holding,3080,-1.8,62,-41.6,2670,3148.0,875
817,AMC Networks,3078,9.3,251,4.4,5749,1721.7,1883
818,Hyster-Yale Materials Handling,3076,9.4,-173,-566.3,1970,561.2,8100
819,ChampionX,3075,61.8,113,0.0,3535,4976.7,7000
820,Comfort Systems USA,3074,7.6,143,-4.5,2209,3200.5,13200
821,EQT,3065,0.2,-1156,0.0,21607,12955.4,693
822,Brown & Brown,3051,16.8,587,22.2,9795,20395.7,12023
823,LGI Homes,3050,28.8,430,32.6,2352,2322.4,952
824,Hyatt Hotels,3028,46.6,-222,0.0,12603,10498.3,44000
825,Comerica,3024,-2.3,1168,146.4,94616,11854.4,7442
826,Energizer Holdings,3022,5.6,161,0.0,5008,2191.7,6000
827,Hill-Rom Holdings,3019,4.8,249,11.4,4999,10300.0,10000
828,Rackspace Technology,3010,11.2,-218,0.0,6329,2365.6,6600
829,Verisk Analytics,2999,7.7,666,-6.5,7808,34616.2,9367
830,Spectrum Brands Holdings,2998,-24.4,190,93.9,5340,3617.6,12100
831,Euronet Worldwide,2995,20.7,71,0.0,4744,6658.2,8800
832,TEGNA,2991,1.8,477,-1.2,6918,4962.6,6200
833,Vontier,2991,10.6,413,20.8,4350,4087.8,8500
834,Cadence Design Systems,2988,11.4,696,17.8,4386,45781.7,9298
835,Incyte,2986,12.0,949,0.0,4933,17577.6,2094
836,Match Group,2983,24.8,278,116.0,5063,31007.0,2520
837,Valvoline,2981,26.7,420,32.5,3191,5660.5,9800
838,EnerSys,2978,-3.6,143,4.6,3463,3076.0,11400
839,Avaya Holdings,2973,3.5,-13,0.0,5985,1076.0,8063
840,UWM Holdings,2970,-39.9,98,-97.1,22528,7223.5,8000
841,Zions Bancorp.,2970,1.0,1129,109.5,93200,9958.2,9685
842,Quad/Graphics,2960,-1.6,38,0.0,1890,388.5,15100
843,MKS Instruments,2950,26.6,551,57.5,4540,8327.6,6200
844,Arista Networks,2948,27.2,841,32.5,5734,42773.4,2993
845,Interactive Brokers Group,2938,18.5,308,57.9,109113,27961.7,2571
846,Range Resources,2930,48.8,412,0.0,6661,7964.0,527
847,Atkore,2928,65.9,588,286.0,2210,4415.6,3700
848,Cheesecake Factory,2928,47.6,72,0.0,2798,2098.6,45800
849,First Solar,2923,7.8,469,17.7,7414,8904.4,4800
850,Bio-Rad Laboratories,2923,14.8,4246,11.6,17776,16982.2,7900
851,Cooper Cos.,2923,20.2,2945,1135.2,9606,20587.8,12000
852,Envista Holdings,2922,28.1,341,922.5,6574,7882.5,11200
853,Alight,2915,6.9,-60,0.0,10988,5542.2,16000
854,Newmark Group,2906,52.6,751,837.7,5216,3009.9,6169
855,PC Connection,2893,11.7,70,25.4,1083,1375.8,2542
856,Host Hotels & Resorts,2890,78.4,-11,0.0,12352,13875.9,160
857,Boston Properties,2889,4.4,505,-42.1,22365,20179.9,743
858,Western Midstream Partners,2877,3.8,916,73.9,11273,10177.4,1127
859,Magellan Midstream Partners,2870,18.2,982,20.2,8030,10422.1,1715
860,Hillenbrand,2865,13.8,250,0.0,4015,3216.2,10500
861,Donaldson,2854,10.5,287,11.6,2400,6416.4,13100
862,Moog,2852,-1.1,157,1608.0,3433,2814.6,14000
863,Hawaiian Electric Industries,2850,10.5,246,24.4,15823,4630.0,3623
864,Five Below,2848,45.2,279,126.0,2881,8825.0,13150
865,Twilio,2842,61.3,-950,0.0,12999,29916.9,7867
866,Univision Communciations,2841,11.8,134,0.0,14055,70.0,5652
867,Annaly Capital Management,2836,1188.5,2390,0.0,76764,10281.0,171
868,Fleetcor Technologies,2834,18.6,840,19.2,13405,19398.4,9700
869,West Pharmaceutical Services,2832,31.9,662,91.2,3314,30508.2,10065
870,Green Plains,2827,47.0,-66,0.0,2160,1662.5,859
871,Cracker Barrel Old Country Store,2821,11.8,255,0.0,2392,2757.6,70000
872,Virtu Financial,2812,-13.2,477,-26.5,10320,6622.1,973
873,Teleflex,2810,10.7,485,44.7,6872,16642.1,14000
874,Zynga,2801,41.8,-104,0.0,6359,10463.5,2952
875,Allegheny Technologies,2800,-6.1,-38,0.0,4285,3350.8,6300
876,AppLovin,2793,92.5,35,0.0,6164,20696.8,1594
877,Waters,2786,17.8,693,32.8,3095,18783.4,7800
878,Mutual of America Life Insurance,2785,83.6,51,0.0,28325,3400.0,1146
879,Hovnanian Enterprises,2783,18.7,608,1093.5,2321,371.9,1784
880,Amica Mutual Insurance,2778,1.8,117,-36.3,6937,2778.0,3510
881,Caleres,2778,31.2,137,0.0,1844,727.5,7200
882,FTI Consulting,2776,12.8,235,11.5,3101,5400.1,6780
883,Overstock.com,2774,8.8,389,595.3,1066,1897.8,1350
884,Visteon,2773,8.8,41,0.0,2234,3056.1,10000
885,G-III Apparel Group,2767,34.6,201,752.0,2743,1296.1,3250
886,ITT,2765,11.6,316,336.3,3565,6415.4,9900
887,IDEX,2765,17.6,449,19.0,4917,14591.6,7536
888,Popular,2765,6.2,935,84.5,75098,6252.3,8351
889,Roku,2765,55.5,242,0.0,4082,16949.3,3000
890,Schnitzer Steel Industries,2759,61.1,165,0.0,1494,1445.2,3167
891,Brookdale Senior Living,2758,-22.1,-99,-221.1,6411,1308.3,28545
892,Werner Enterprises,2734,15.3,259,53.2,2604,2697.9,13525
893,Americold Realty Trust,2715,36.6,-31,-224.1,8216,7489.8,16275
894,SkyWest,2714,27.6,112,0.0,7126,1457.6,15205
895,Primerica,2710,22.2,373,-3.3,16123,5326.8,3170
896,McAfee,2701,-7.1,849,0.0,3422,4880.0,2262
897,Nu Skin Enterprises,2696,4.4,147,-23.0,1907,2385.6,19600
898,Copart,2693,22.1,937,33.8,4562,29798.8,8600
899,PROG Holdings,2678,7.8,244,0.0,1622,1586.9,2023
900,Splunk,2674,19.9,-1339,0.0,5791,23881.6,7000
901,MRC Global,2666,4.1,-14,0.0,1671,995.2,2600
902,Stericycle,2647,-1.1,-28,0.0,5473,5415.5,15465
903,Maxim Integrated Products,2633,20.1,827,26.4,4523,27700.0,7100
904,Ensign Group,2628,9.4,195,14.2,2851,4958.3,25900
905,SM Energy,2623,132.8,36,0.0,5234,4746.5,506
906,Kaiser Aluminum,2622,123.6,-19,-164.2,2422,1493.9,3957
907,Federated Mutual Insurance,2612,14.1,320,61.5,10537,3876.0,2702
908,F5,2603,10.7,331,7.7,4997,12691.2,6429
909,Steelcase,2596,-30.3,26,-86.9,2354,1339.5,11400
910,Encore Wire,2593,103.0,541,611.8,1531,2250.3,1440
911,Guess,2592,38.1,171,0.0,2556,1305.5,12500
912,Playtika Holding,2583,8.9,309,235.0,2803,7965.8,4000
913,Pinterest,2578,52.3,316,0.0,3537,16196.9,3225
914,WeWork,2570,-24.8,-4439,0.0,21756,4937.4,4400
915,ManTech International,2554,1.4,137,13.7,2640,3517.6,9800
916,BrightView Holdings,2554,8.8,46,0.0,3238,1351.5,20150
917,NortonLifeLock,2552,-33.9,554,-85.7,6361,15441.9,2800
918,Deckers Outdoor,2546,19.4,383,38.5,2168,7457.8,3400
919,Griffon,2542,5.6,79,48.3,2605,1127.8,6700
920,AMC Entertainment Holdings,2528,103.5,-1269,0.0,10822,12733.4,17122
921,Curtiss-Wright,2506,4.8,267,32.7,4104,5771.0,7800
922,MYR Group,2498,11.2,85,44.7,1121,1594.5,7600
923,Kontoor Brands,2476,0.0,195,0.0,1533,2325.3,14000
924,Liberty Energy,2471,155.8,-179,0.0,2041,2757.9,3601
925,Knights of Columbus,2468,4.9,130,37.2,28838,113.0,749
926,AdaptHealth,2465,133.4,156,0.0,5251,2146.6,10700
927,MillerKnoll,2465,-0.9,173,0.0,2062,2617.7,7600
928,Equity Residential,2464,-4.2,1333,45.9,21169,33802.5,2400
929,DexCom,2449,27.1,155,-68.7,4864,49824.5,6650
930,Rollins,2424,12.2,351,34.5,1981,17260.7,16482
931,Genesco,2422,35.6,115,0.0,1562,868.7,11700
932,Bruker,2418,21.7,277,75.6,3650,9694.7,7765
933,Joann,2418,-12.5,57,-73.3,2362,463.2,13530
934,Wolverine World Wide,2415,34.8,69,0.0,2586,1836.1,4400
935,Gray Television,2413,1.3,90,-78.0,11108,2093.2,8801
936,Affiliated Managers Group,2412,19.0,566,179.8,8876,5606.8,4050
937,Summit Materials,2410,3.3,152,10.3,4239,3687.8,5500
938,SLM,2409,2.4,1161,31.8,29222,5129.7,1450
939,Belden,2408,22.1,64,0.0,3418,2492.5,7400
940,Allison Transmission Holdings,2402,15.4,442,47.8,4457,3810.6,3400
941,Element Solutions,2400,29.5,203,168.6,5138,5434.8,5300
942,Portland General Electric,2396,11.7,244,57.4,9494,4940.0,2839
943,REV Group,2381,4.5,44,0.0,1238,843.4,6800
944,Acadia Healthcare,2377,-25.9,191,0.0,4768,5891.3,19200
945,Alexandria Real Estate Equities,2374,2.9,571,-25.9,30219,32188.6,559
946,Nordson,2362,11.4,454,82.1,3791,13157.1,6813
947,NewMarket,2356,17.2,191,-29.4,2558,3346.7,2104
948,Ohio National Mutual,2347,7.5,-85,-177495.8,40795,23477.0,1082
949,Stepan,2346,25.5,138,8.7,2066,2215.6,2439
950,Valhi,2335,24.3,127,130.4,3005,828.8,2847
951,Hilton Grand Vacations,2335,161.2,176,0.0,8008,6247.9,13000
952,Cooper-Standard Holdings,2330,-1.9,-323,0.0,2227,149.0,21300
953,Etsy,2329,35.0,494,41.3,3832,15787.7,2402
954,Crocs,2313,66.9,726,132.0,1545,4676.2,5770
955,Olympic Steel,2312,87.4,121,0.0,1024,427.8,1642
956,Signature Bank,2311,15.2,918,73.8,118445,18416.9,1854
957,SBA Communications,2309,10.8,238,885.8,9802,37168.7,1596
958,Murphy Oil,2300,16.7,-74,0.0,10305,6275.3,696
959,Entegris,2299,23.6,409,38.7,3192,17830.9,6850
960,AvalonBay Communities,2295,-0.3,1004,21.3,19902,34710.3,2883
961,Saia,2289,25.6,253,83.1,1845,6438.4,11600
962,E.W. Scripps,2284,19.2,123,-54.4,6658,1718.3,5600
963,TTEC Holdings,2273,16.6,141,18.8,1997,3878.0,65000
964,Sun Communities,2273,62.5,380,188.8,13494,20372.8,5455
965,Alpha Metallurgical Resources,2259,36.7,289,0.0,1858,2447.5,3500
966,GEO Group,2257,-4.0,77,-31.5,4537,809.8,15800
967,Viasat,2256,-2.3,4,0.0,5350,3630.4,5800
968,Benchmark Electronics,2255,9.8,36,154.5,1904,881.4,10900
969,Kar Auction Services,2252,2.9,67,13200.0,7417,2187.3,8928
970,TTM Technologies,2249,0.0,54,-69.4,3026,1506.2,16100
971,Kirby,2247,3.5,-247,0.0,5399,4345.9,5125
972,Woodward,2246,-10.0,209,-13.2,4091,7882.4,7200
973,Clear Channel Outdoor Holdings,2241,20.8,-434,0.0,5299,1630.9,4600
974,Spire,2236,20.5,272,206.7,9356,3713.6,3710
975,Vista Outdoor,2226,26.7,266,0.0,1765,2007.9,5900
976,Surgery Partners,2225,19.6,-71,0.0,6118,4919.1,9600
977,LHC Group,2220,7.6,116,3.7,2896,5229.6,23000
978,Amedisys,2214,6.9,209,13.9,1857,5603.9,21000
979,Century Aluminum,2213,37.8,-167,0.0,1570,2400.3,2512
980,Arch Resources,2208,50.5,338,0.0,2117,2126.2,3303
981,Aerojet Rocketdyne Holdings,2188,5.6,144,4.4,2434,3169.4,5000
982,Sleep Number,2185,17.7,154,10.5,920,1123.7,5388
983,HNI,2184,11.7,60,42.7,1498,1568.7,8000
984,Pure Storage,2181,29.5,-143,0.0,3135,10238.0,4200
985,TrueBlue,2174,17.7,62,0.0,1033,995.6,6400
986,Party City Holdco,2171,17.3,-7,0.0,2712,402.6,11450
987,Dun & Bradstreet Holdings,2166,24.6,-72,0.0,9997,7554.0,6296
988,Dropbox,2158,12.7,336,0.0,3091,8873.5,2667
989,New Jersey Resources,2157,10.4,118,-39.2,5722,4405.4,1251
990,Acushnet Holdings,2148,33.2,179,86.3,2006,2914.0,6500
991,Harsco,2147,14.6,-3,0.0,3054,969.7,12000
992,Beazer Homes USA,2140,0.6,122,133.6,2079,478.8,1052
993,Chemed,2139,2.9,269,-15.9,1343,7592.5,14137
994,Genesis Energy,2126,16.5,-165,0.0,5906,1435.4,1898
995,BWX Technologies,2124,0.0,306,9.8,2501,4925.6,6600
996,Vizio Holding,2124,4.0,-39,-138.4,936,1705.1,800
997,1-800-Flowers.com,2122,42.5,119,101.1,1077,830.0,4800
998,Cowen,2113,30.2,296,36.6,8749,744.1,1534
999,Ashland Global Holdings,2111,-11.2,220,0.0,6612,5601.9,4100
1000,DocuSign,2107,45.0,-70,0.0,2541,21302.8,7461
