Rank_in_2022,Name,Revenue(in millions),Revenue(% change),Profits(in millions),Profits(% change), Assets,Market_Value,Change in Rank of top 1000 companies,Employees,Change in Rank (500 only)
1,Walmart,572754,2.40%,13673,1.20%,244860,409795,,2300000,
2,Amazon,469822,21.70%,33364,56.40%,420549,1658807,,1608000,
3,Apple,365817,33.30%,94680,64.90%,351002,2849538,,154000,
4,CVS Health,292111,8.70%,7910,10.20%,232999,132839,,258000,
5,UnitedHealth Group,287597,11.80%,17285,12.20%,212206,479830,,350000,
6,Exxon Mobil,285640,57.40%,23040,,338923,349652,4,63000,4
7,Berkshire Hathaway,276094,12.50%,89795,111.20%,958784,779542,-1,372000,-1
8,Alphabet,257637,41.20%,76033,88.80%,359268,1842326,1,156500,1
9,McKesson,238228,3.10%,-4539,-604.30%,65015,45858,-2,67500,-2
10,AmerisourceBergen,213989,12.70%,1540,,57338,32356,-2,40000,-2
11,Costco Wholesale,195929,17.50%,5007,25.10%,59268,255231,1,288000,1
12,Cigna,174078,8.50%,5365,-36.60%,154889,76286,1,72963,1
13,AT&T,168864,-1.70%,20081,,551622,169262,-2,202600,-2
14,Microsoft,168088,17.50%,61271,38.40%,333779,2311359,1,181000,1
15,Cardinal Health,162467,6.20%,611,,44453,15709,-1,46827,-1
16,Chevron,162465,71.60%,15625,,239535,317120,11,42595,11
17,Home Depot,151157,14.40%,16433,27.70%,71876,309313,1,490600,1
18,Walgreens Boots Alliance,148579,6.50%,2542,457.50%,81285,38671,-2,258500,-2
19,Marathon Petroleum,141032,58.50%,9738,,85373,47758,13,17700,13
20,Anthem,138639,13.80%,6104,33.50%,97460,118534,3,98200,3
21,Kroger,137888,4.10%,1655,-36.00%,49086,41496,-4,420000,-4
22,Ford Motor,136341,7.20%,17937,,257035,67958,-1,183000,-1
23,Verizon Communications,133613,4.10%,22065,24.00%,366596,213837,-3,118400,-3
24,JPMorgan Chase,127202,-1.80%,48334,65.90%,3743567,402527,-5,271025,-5
25,General Motors,127004,3.70%,10019,55.90%,244718,63555,-3,157000,-3
26,Centene,125982,13.40%,1347,-25.50%,78375,49072,-2,72500,-2
27,Meta Platforms,117929,37.20%,39370,35.10%,165987,605251,7,71970,7
28,Comcast,116385,12.40%,14159,34.40%,275905,212246,-2,189000,-2
29,Phillips 66,114852,75.40%,1317,,55594,41561,19,14000,19
30,Valero Energy,108332,80.20%,930,,57888,41572,23,9804,23
31,Dell Technologies,106995,13.60%,5563,71.20%,92735,38164,-3,133000,-3
32,Target,106005,13.30%,6946,59.00%,53811,98134,-2,450000,-2
33,Fannie Mae,101543,-4.60%,22176,87.90%,4229166,909,-8,7400,-8
34,UPS,97287,15.00%,12890,859.80%,69405,186817,1,400945,1
35,Lowe's,96250,7.40%,8442,44.70%,44640,133761,-4,270000,-4
36,Bank of America,93851,0.10%,31978,78.70%,3169495,332433,-7,208248,-7
37,Johnson & Johnson,93775,13.60%,20878,41.90%,182018,466047,-1,141700,-1
38,Archer Daniels Midland,85249,32.50%,2709,52.90%,56136,50769,13,39979,13
39,FedEx,83959,21.30%,5231,306.80%,82777,59971,6,484000,6
40,Humana,83064,7.70%,2933,-12.90%,44358,55155,1,95500,1
41,Wells Fargo,82407,2.60%,21548,552.80%,1948068,184225,-4,247848,-4
42,State Farm Insurance,82225,4.20%,1281,-65.70%,325349,,-3,53586,-3
43,Pfizer,81288,94.00%,21979,128.60%,181476,"292,385.30",34,79000,34
44,Citigroup,79865,-10.10%,21952,98.70%,2291413,"105,330.10",-11,221768,-11
45,PepsiCo,79474,12.90%,7618,7.00%,92377,"231,528.20",-1,309000,-1
46,Intel,79024,1.50%,19868,-4.90%,168406,"202,635.80",-6,121100,-6
47,Procter & Gamble,76118,7.30%,14306,9.80%,119307,"366,271.60",-4,101000,-4
48,General Electric,74196,-6.80%,-6520,-214.30%,198874,"100,810.20",-10,168000,-10
49,IBM,72344,-1.70%,5743,2.70%,132001,"116,928.30",-7,297800,-7
50,MetLife,71080,4.80%,6554,21.20%,759708,"57,986.50",-4,43000,-4
51,Prudential Financial,70934,24.40%,7724,,937582,"44,482.20",4,40916,4
52,Albertsons,69690,11.60%,850,82.30%,26598,"16,063.70",,300000,
53,Walt Disney,67418,3.10%,1995,,203609,"249,718.10",-3,171000,-3
54,Energy Transfer,67417,73.10%,5470,,105963,"34,496.90",27,12558,27
55,Lockheed Martin,67044,2.50%,6315,-7.60%,50873,"117,648.20",-6,114000,-6
56,Freddie Mac,65898,-0.50%,12109,65.30%,3025586,510.3,-9,7301,-9
57,Goldman Sachs Group,64989,21.50%,21635,128.70%,1463988,"117,667.60",2,43900,2
58,Raytheon Technologies,64388,13.80%,3864,,161404,"147,640.90",-1,174000,-1
59,HP,63487,12.10%,6503,128.70%,38610,"38,237.20",-3,51000,-3
60,Boeing,62286,7.10%,-4202,,138552,"113,058.70",-6,142000,-6
61,Morgan Stanley,61121,17.40%,15034,36.70%,1188140,"155,685.60",,74814,
62,HCA Healthcare,58752,14.00%,6956,85.30%,50742,"75,691.90",,244000,
63,AbbVie,56197,22.70%,11542,150.00%,146529,"286,332.40",5,50000,5
64,Dow,54968,42.60%,6311,415.20%,62990,"46,839.70",18,35700,18
65,Tesla,53823,70.70%,5519,665.50%,62131,"1,113,707.80",35,99290,35
66,Allstate,53228,18.80%,1599,-71.30%,99440,"38,553.70",4,54500,4
67,AIG,52057,19.00%,9388,,596112,"50,608.20",5,36600,5
68,Best Buy,51761,9.50%,2454,36.50%,17504,"20,473.20",-2,81375,-2
69,Charter Communications,51682,7.50%,4654,44.40%,142491,"112,803.40",-5,93700,-5
70,Sysco,51298,-3.00%,524,143.30%,21414,"41,433.10",-10,57710,-10
71,Merck,51216,6.70%,13049,84.60%,105694,"207,400.50",-6,67500,-6
72,New York Life Insurance,51199,9.60%,277,,379985,,-5,14344,-5
73,Caterpillar,50971,22.10%,6489,116.40%,82793,"119,406.60",5,107700,5
74,Cisco Systems,49818,1.00%,10591,-5.60%,97497,"231,636.40",-11,79500,-11
75,TJX,48550,51.10%,3283,3528.60%,28462,"71,195.30",22,340000,22
76,Publix Super Markets,48394,7.10%,4412,11.10%,31524,,-7,232000,-7
77,ConocoPhillips,48349,151.10%,8079,,90661,"129,605.10",79,9900,79
78,Liberty Mutual Insurance Group,48200,10.10%,3068,304.70%,156043,,-7,45000,-7
79,Progressive,47702,11.80%,3351,-41.30%,71132,"66,670.30",-5,49077,-5
80,Nationwide,47376,13.00%,1617,,278412,,-4,24134,-4
81,Tyson Foods,47049,8.90%,3047,47.80%,36309,"32,487.80",-8,137000,-8
82,Bristol-Myers Squibb,46385,9.10%,6994,,109314,"155,203.50",-7,32200,-7
83,Nike,44538,19.10%,5727,125.60%,37740,"212,779.10",2,73300,2
84,Deere,44024,23.90%,5963,116.80%,84114,"127,456.60",4,75550,4
85,American Express,43663,14.30%,8060,157.10%,188548,"141,613.00",-2,64000,-2
86,Abbott Laboratories,43075,24.50%,7071,57.30%,75196,"208,725.80",3,113000,3
87,StoneX Group,42534,-21.40%,116,-31.40%,18840,"1,494.40",-29,3242,-29
88,Plains GP Holdings,42078,80.70%,60,,29978,"2,242.90",39,4100,39
89,Enterprise Products Partners,40807,50.00%,4638,22.80%,67526,"56,172.40",16,6911,16
90,TIAA,40526,-2.60%,4061,627.60%,698191,,-11,15065,-11
91,Oracle,40479,3.60%,13746,35.60%,131107,"220,736.60",-11,132000,-11
92,Thermo Fisher Scientific,39211,21.70%,7725,21.20%,95123,"231,057.40",3,129000,3
93,Coca-Cola,38655,17.10%,9771,26.10%,94354,"268,769.70",,79000,
94,General Dynamics,38469,1.40%,3257,2.80%,50073,"67,081.00",-10,103100,-10
95,CHS,38448,35.40%,554,31.10%,17576,,8,9941,8
96,USAA,37470,3.20%,3300,-15.50%,210677,,-9,37335,-9
97,Northwestern Mutual,36751,8.80%,978,130.10%,334654,,,7585,-7
98,Nucor,36484,81.20%,6828,846.30%,25823,"39,954.00",51,28800,51
99,Exelon,36347,10.00%,1706,-13.10%,133013,"46,683.90",-7,31518,-7
100,Massachusetts Mutual Life Insurance,35900,51.70%,319,,383292,,23,10052,23
101,Northrop Grumman,35667,-3.10%,7005,119.70%,42579,"69,811.90",-15,88000,-15
102,3M,35355,9.90%,5921,10.00%,47072,"84,738.30",-6,95000,-6
103,Travelers,34816,8.90%,3662,35.80%,120466,"44,129.40",-5,30492,-5
104,Arrow Electronics,34477,20.20%,1108,89.60%,19536,"7,951.30",-2,20700,-2
105,Honeywell International,34392,5.40%,5542,16.00%,64470,"133,381.00",-11,99000,-11
106,Dollar General,34220,1.40%,2399,-9.60%,26327,"50,953.00",-15,163000,-15
107,Qualcomm,33566,42.60%,9043,74.00%,41240,"172,228.10",17,45000,17
108,Capital One Financial,32033,1.20%,12390,356.50%,432381,"53,260.40",-9,50767,-9
109,TD Synnex,31614,28.10%,395,-25.30%,27666,"9,853.60",8,27000,8
110,Philip Morris International,31405,9.40%,9109,13.10%,41290,"145,614.70",-9,69600,-9
111,World Fuel Services,31337,53.90%,74,-32.80%,5942,"1,715.50",36,4414,36
112,Performance Food Group,30399,21.20%,41,,7846,"7,880.90",2,22885,2
113,Delta Air Lines,29899,74.90%,280,,72459,"25,322.00",65,83000,65
114,American Airlines Group,29882,72.40%,-1993,,66467,"11,847.20",60,123400,60
115,Netflix,29698,18.80%,5116,85.30%,44585,"166,304.10",,11300,
116,Paramount Global,29579,13.00%,4543,87.60%,58620,"24,628.80",-7,25115,-7
117,US Foods Holding,29487,28.80%,164,,12521,"8,392.30",11,28000,11
118,Danaher,29453,32.20%,6433,76.40%,83184,"209,993.40",12,79000,12
119,Jabil,29285,7.40%,696,1191.00%,16654,"8,857.30",-15,238000,-15
120,Starbucks,29061,23.60%,4199,352.40%,31393,"104,642.80",5,383000,5
121,Mondelez International,28720,8.00%,4300,21.00%,67092,"87,159.20",-13,79000,-13
122,Eli Lilly,28318,15.40%,5582,-9.90%,48806,"272,723.60",-4,35238,-4
123,Hewlett Packard Enterprise,27784,3.00%,3427,,57699,"21,725.30",-17,60400,-17
124,D.R. Horton,27774,36.70%,4176,75.90%,24016,"26,403.20",24,11788,24
125,Molina Healthcare,27771,43.00%,659,-2.10%,12209,"19,572.90",30,14000,30
126,CBRE Group,27746,16.50%,1837,144.20%,22074,"30,414.20",-4,105000,-4
127,Micron Technology,27705,29.30%,5861,118.10%,58849,"86,977.20",8,43000,8
128,Broadcom,27450,14.90%,6736,127.60%,75570,"257,086.50",-7,20000,-7
129,Gilead Sciences,27305,10.60%,6225,4961.00%,67952,"74,656.50",-13,14400,-13
130,PBF Energy,27253,80.30%,231,,11641,"2,932.60",73,3418,73
131,Lennar,27131,20.60%,4430,79.70%,33208,"23,413.00",-2,10753,-2
132,United Natural Foods,26992,0.90%,149,,7525,"2,409.30",-25,28300,-25
133,NRG Energy,26989,196.80%,2187,328.80%,23182,"9,289.00",200,6635,200
134,Nvidia,26914,61.40%,9752,125.10%,44187,"684,878.60",50,22473,50
135,Occidental Petroleum,26772,60.50%,2322,,75036,"53,160.20",48,11678,48
136,Salesforce,26492,24.70%,1444,-64.50%,95209,"210,196.80",1,73541,1
137,Dollar Tree,26321,3.20%,1328,-1.00%,21722,"36,051.40",-26,136226,-26
138,KKR,26141,171.50%,4667,133.00%,264285,"51,542.90",178,3238,178
139,Kraft Heinz,26042,-0.50%,1012,184.30%,93394,"48,248.60",-29,36000,-29
140,Amgen,25979,2.20%,5893,-18.90%,61165,"134,700.80",-28,24200,-28
141,AutoNation,25844,26.70%,1373,259.80%,8944,"6,111.40",4,22200,4
142,Penske Automotive Group,25555,25.00%,1188,118.50%,13465,"7,196.70",1,24797,1
143,PayPal Holdings,25371,18.30%,4169,-0.80%,75803,"134,732.80",-9,30900,-9
144,Macy's,25292,39.80%,1430,,17590,"7,123.20",20,88857,20
145,Duke Energy,24677,5.20%,3908,183.80%,169587,"85,967.00",-19,27605,-19
146,United Airlines Holdings,24634,60.40%,-1964,,68175,"15,049.70",54,84100,54
147,Visa,24105,10.30%,12311,13.30%,82896,"480,022.50",-14,21500,-14
148,Rite Aid,24043,9.60%,-91,,9335,488.1,-16,50000,-16
149,Cummins,24021,21.30%,2131,19.10%,23710,"29,140.90",1,59900,1
150,U.S. Bancorp,23714,-6.00%,7963,60.60%,573284,"78,929.80",-37,68796,-37
151,Paccar,23522,25.60%,1852,42.60%,29302,"30,619.70",8,28500,8
152,McDonald's,23223,20.90%,7545,59.50%,53854,"183,873.60",5,200000,5
153,Southern,23113,13.40%,2393,-23.30%,127534,"76,877.00",-7,27164,-7
154,C.H. Robinson Worldwide,23102,42.50%,844,66.70%,7028,"13,855.80",37,16877,37
155,Truist Financial,23064,-5.60%,6440,43.70%,541241,"75,353.90",-36,51462,-36
156,Applied Materials,23063,34.10%,5888,62.70%,25825,"116,431.40",20,27000,20
157,Freeport-McMoRan,22845,60.90%,4306,618.90%,48022,"72,360.80",58,24700,58
158,Lithia Motors,22832,74.00%,1060,125.40%,11147,"8,909.80",73,21150,73
159,Blackstone,22577,270.00%,5857,460.30%,41196,"88,907.20",295,3795,295
160,Hartford Financial Services Group,22390,9.10%,2365,36.20%,76578,"23,815.60",-18,18100,-18
161,Aflac,22106,-0.20%,4325,-9.50%,157542,"41,812.80",-30,12447,-30
162,Whirlpool,21985,13.00%,1783,64.90%,20285,"10,101.20",-8,69000,-8
163,Union Pacific,21804,11.60%,6523,21.90%,63525,"171,681.60",-10,32124,-10
164,International Paper,21780,5.80%,1752,263.50%,25243,"17,301.10",-23,38200,-23
165,Altria Group,21111,1.30%,2475,-44.60%,39523,"94,951.70",-27,6000,-27
166,CDW,20821,12.70%,989,25.40%,13199,"24,140.20",-5,13900,-5
167,ManpowerGroup,20724,15.10%,382,1506.70%,9829,"5,025.60",-2,30000,-2
168,PG&E,20642,11.80%,-102,,103327,"29,433.70",-8,26000,-8
169,Carrier Global,20613,18.10%,1664,-16.00%,26172,"39,127.40",2,58000,2
170,Baker Hughes,20502,-1.00%,-219,,35308,"37,410.20",-30,54000,-30
171,Cleveland-Cliffs,20444,281.80%,2988,,18975,"16,891.20",330,26000,-
172,United States Steel,20275,108.10%,4174,,17816,"9,832.30",138,24540,138
173,Becton Dickinson,20248,18.30%,2092,139.40%,53866,"75,749.10",4,75000,4
174,CarMax,20092,-6.20%,747,-15.90%,21542,"15,598.90",-38,26889,-38
175,Sherwin-Williams,19945,8.60%,1864,-8.20%,20667,"65,037.90",-13,61626,-13
176,Builders FirstSource,19894,132.40%,1725,450.30%,10714,"11,408.90",174,28000,174
177,Marsh & McLennan,19820,15.10%,3143,55.90%,34388,"85,681.30",-2,83000,-2
178,PNC Financial Services Group,19698,-18.10%,5674,-24.50%,557191,"77,203.40",-58,58547,-58
179,Lumen Technologies,19687,-4.90%,2033,,57993,"11,533.40",-40,36000,-40
180,Avnet,19535,10.80%,193,,8925,"4,016.90",-12,14500,-12
181,Tenet Healthcare,19485,10.50%,914,129.10%,27579,"9,387.60",-14,88968,-14
182,Kimberly-Clark,19440,1.60%,1814,-22.90%,17837,"41,496.10",-24,45000,-24
183,Kohl's,19433,21.80%,938,,15054,"7,774.60",12,67000,12
184,BlackRock,19374,19.60%,5901,19.60%,152648,"116,186.20",8,18400,8
185,Jones Lang LaSalle,19367,16.70%,962,138.90%,15505,"11,945.50",1,98200,1
186,Lear,19263,13.00%,374,135.90%,13352,"8,513.10",-7,160100,-7
187,Lincoln National,19230,10.30%,1405,181.60%,387301,"11,271.60",-15,10848,-15
188,Charles Schwab,18996,56.90%,5855,77.50%,667270,"159,675.90",63,33400,63
189,Ross Stores,18916,50.90%,1723,1917.50%,13640,"31,741.70",53,100000,53
190,Mastercard,18884,23.40%,8687,35.50%,37669,"349,330.50",11,24000,11
191,Genuine Parts,18871,8.50%,899,,14352,"17,888.10",-18,52000,-18
192,WestRock,18746,6.60%,838,,29254,"12,379.00",-22,49900,-22
193,EOG Resources,18642,69.00%,4664,,38236,"69,796.00",92,2800,92
194,Cognizant Technology Solutions,18507,11.10%,2137,53.50%,17852,"47,035.00",-9,330600,-9
195,Moderna,18471,2199.10%,12202,,24669,"69,424.30",,2700,
196,Steel Dynamics,18409,91.70%,3214,483.50%,12531,"15,811.50",123,10640,123
197,HF Sinclair,18389,64.40%,558,,12917,"8,895.80",82,4208,82
198,Texas Instruments,18344,26.90%,7769,38.90%,24676,"169,329.60",12,31000,12
199,Emerson Electric,18236,8.60%,2303,17.20%,24715,"58,241.70",-18,86700,-18
200,WESCO International,18218,47.80%,465,362.80%,12618,"6,598.50",45,18000,45
201,General Mills,18127,2.80%,2340,7.30%,31842,"40,781.80",-32,35000,-32
202,Tenneco,18035,17.30%,35,,11622,"1,523.00",-3,71000,-3
203,Waste Management,17931,17.80%,1816,21.40%,29097,"65,802.80",-1,48500,-1
204,Viatris,17886,49.70%,-1269,,54843,"13,160.20",50,37000,50
205,DISH Network,17881,15.40%,2411,36.80%,48002,"16,743.10",-8,14500,-8
206,L3Harris Technologies,17814,-2.10%,1846,65.00%,34709,"47,969.60",-43,47000,-43
207,DXC Technology,17729,-9.40%,-149,,22038,"7,977.30",-55,134000,-55
208,Block,17661,86.00%,166,-22.00%,13926,"78,655.90",115,8521,115
209,Goodyear Tire & Rubber,17478,41.90%,764,,21402,"4,029.30",37,72000,37
210,Uber Technologies,17455,56.70%,-496,,38774,"69,753.00",71,29300,71
211,Colgate-Palmolive,17421,5.80%,2166,-19.60%,15040,"63,742.20",-23,33800,-23
212,Stanley Black & Decker,17253,18.70%,1689,36.90%,28180,"22,843.30",-3,71300,-3
213,DuPont,17160,-15.90%,6467,,45707,"37,739.70",-69,28000,-69
214,Stryker,17108,19.20%,1994,24.70%,34631,"100,978.10",-2,46000,-2
215,NextEra Energy,17069,-5.20%,3573,22.40%,140912,"166,264.10",-49,15000,-49
216,Targa Resources,16950,105.20%,71,,15208,"17,243.80",148,2430,148
217,Western Digital,16922,1.10%,821,,26132,"15,536.40",-35,65600,-35
218,PPG Industries,16802,21.50%,1439,35.90%,21351,"30,951.90",2,49300,2
219,American Electric Power,16792,12.60%,2488,13.10%,87669,"50,338.60",-15,16688,-15
220,Gap,16670,20.80%,256,,12761,"5,206.60",1,97000,1
221,BJ's Wholesale Club,16667,8.00%,427,1.30%,5669,"9,146.90",-23,34000,-23
222,Reinsurance Group of America,16658,14.10%,617,48.70%,92175,"7,354.60",-15,3500,-15
223,Kinder Morgan,16610,42.00%,1784,1399.20%,70416,"42,878.10",39,10529,39
224,Oneok,16540,93.60%,1500,144.70%,23622,"31,516.00",127,2847,127
225,Expeditors Intl. of Washington,16524,72.40%,1416,103.30%,7610,"17,268.80",74,19070,74
226,Advanced Micro Devices,16434,68.30%,3162,27.00%,12419,"177,936.10",83,15500,83
227,Fiserv,16226,9.30%,1334,39.20%,76249,"66,132.80",-22,44000,-22
228,Est√©e Lauder,16215,13.40%,2870,319.60%,21971,"97,672.10",-15,53320,-15
229,Bank of New York Mellon,16158,-4.60%,3759,3.90%,444438,"40,056.70",-49,49100,-49
230,Laboratory Corp. of America,16121,15.30%,2377,52.80%,20385,"24,625.80",-12,71725,-12
231,Regeneron Pharmaceuticals,16072,89.10%,8075,129.90%,25435,"75,806.00",123,10368,123
232,Land O'Lakes,15916,14.10%,287,8.50%,9560, - ,-13,9000,-13
233,Cheniere Energy,15864,69.50%,-2343,,39258,"35,272.30",95,1550,95
234,Southwest Airlines,15790,74.50%,977,,36320,"27,129.30",102,55093,102
235,Adobe,15785,22.70%,4822,-8.30%,27241,"215,280.50",-1,25988,-1
236,Synchrony Financial,15752,-4.40%,4221,204.80%,95748,"18,145.50",-49,18000,-49
237,Corteva,15655,10.10%,1759,158.30%,42344,"41,774.90",-23,21000,-23
238,Fidelity National Financial,15643,45.10%,2422,69.70%,60690,"13,849.60",50,28290,50
239,DTE Energy,15369,26.20%,907,-33.70%,39719,"25,614.60",11,10300,11
240,Murphy USA,15319,61.20%,397,2.80%,4048,"4,888.60",82,10430,82
241,Halliburton,15295,5.90%,1457,,22321,"34,028.90",-30,40000,-30
242,Automatic Data Processing,15005,2.80%,2599,5.40%,48773,"95,577.10",-34,56000,-34
243,Edison International,14905,9.80%,759,2.70%,74745,"26,693.80",-17,13003,-17
244,BorgWarner,14838,46.00%,537,7.40%,16575,"9,335.00",51,49300,51
245,Nordstrom,14789,38.00%,178,,8869,"4,321.30",44,72000,44
246,Loews,14657,16.50%,1578,,81626,"15,971.30",-7,10340,-7
247,Guardian Life Ins. Co. of America,14648,8.00%,289,1128.50%,90420,,-20,9150,-20
248,Pioneer Natural Resources,14643,119.00%,2118,,36811,"60,728.30",180,1932,180
249,AutoZone,14630,15.80%,2170,25.20%,14516,"40,582.60",-11,85050,-11
250,Lam Research,14626,45.60%,3909,73.60%,15892,"74,996.70",54,14100,54
251,American Family Insurance Group,14612,11.80%,735,82.20%,36316,,-19,13590,-19
252,Illinois Tool Works,14455,15.00%,2694,27.70%,16077,"65,311.90",-12,45000,-12
253,Parker-Hannifin,14348,4.80%,1746,44.70%,20341,"36,456.80",-30,54640,-30
254,Otis Worldwide,14298,12.10%,1246,37.50%,12279,"32,700.90",-18,70000,-18
255,Omnicom Group,14289,8.50%,1408,48.90%,28422,"17,565.70",-26,71700,-26
256,Principal Financial,14263,-3.20%,1711,22.60%,304657,"19,176.70",-50,18600,-50
257,Dominion Energy,14218,-11.80%,3288,,99590,"68,883.00",-64,17100,-64
258,Kellogg,14181,3.00%,1488,18.90%,18178,"21,890.20",-36,31000,-36
259,Fluor,14157,-10.90%,-440,,7280,"4,051.70",-63,40582,-63
260,AECOM,14112,-13.90%,173,,11734,"10,856.50",-71,51000,-71
261,Reliance Steel & Aluminum,14093,59.90%,1413,282.80%,9536,"11,313.50",82,13950,82
262,Jacobs Engineering Group,14093,3.80%,477,-3.00%,14633,"17,807.40",-37,53500,-37
263,Corning,14082,24.60%,1906,272.30%,30154,"31,212.80",14,61200,14
264,Farmers Insurance Exchange,14055,18.40%,-367,,21741,,-8,11787,-8
265,Qurate Retail,14044,-0.90%,340,-71.80%,16249,"1,807.40",-49,26745,-49
266,Pacific Life,13936,38.50%,1102,,209486,,37,3861,37
267,PulteGroup,13927,26.20%,1946,38.30%,13353,"10,115.70",17,6182,17
268,Fidelity National Information Services,13877,10.60%,417,163.90%,82931,"61,215.10",-27,65000,-27
269,IQVIA Holdings,13874,22.10%,966,246.20%,24689,"44,140.80",6,79000,6
270,Marriott International,13857,31.10%,1099,,25553,"57,514.90",23,120000,23
271,Berry Global Group,13850,18.30%,733,31.10%,17882,"7,832.40",-10,47000,-10
272,Ball,13811,17.20%,878,50.10%,19714,"28,909.10",-12,24300,-12
273,Group 1 Automotive,13802,27.20%,552,92.70%,5749,"2,859.90",13,13711,13
274,Leidos Holdings,13737,11.70%,753,19.90%,13261,"14,727.70",-26,43000,-26
275,Wayfair,13708,-3.10%,-131,-170.80%,4570,"11,641.60",-58,16681,-58
276,Consolidated Edison,13676,11.70%,1346,22.30%,63116,"33,525.30",-27,13871,-27
277,Ameriprise Financial,13443,12.40%,2760,79.90%,175979,"33,213.00",-24,12000,-24
278,Xcel Energy,13431,16.50%,1597,8.40%,57851,"39,275.90",-6,11321,-6
279,O'Reilly Automotive,13328,14.80%,2165,23.50%,11719,"45,410.40",-11,76158,-11
280,Global Partners,13248,59.20%,61,-40.50%,2831,927.1,81,2960,81
281,Discover Financial Services,13221,2.10%,5449,377.60%,110242,"31,076.70",-48,16700,-48
282,Rocket Companies,13176,-17.60%,308,55.70%,32775,"21,905.90",-88,26000,-88
283,LKQ,13089,12.60%,1091,70.90%,12606,"12,941.40",-17,46000,-17
284,W.W. Grainger,13022,10.40%,1043,50.10%,6592,"26,358.00",-26,23450,-26
285,Quanta Services,12980,15.90%,486,9.10%,12855,"18,779.50",-7,43700,-7
286,Crown Holdings,12979,12.10%,-560,-196.70%,13858,"15,460.60",-17,26000,-17
287,Fox,12909,4.90%,2150,115.20%,22926,"21,423.20",-40,9000,-40
288,Sempra,12857,7.70%,1317,-66.50%,72045,"53,087.60",-33,15390,-33
289,Markel,12846,32.00%,2425,197.20%,48449,"20,037.50",22,20300,22
290,Carvana,12814,129.40%,-135,,7015,"19,549.50",193,21000,193
291,XPO Logistics,12806,-21.20%,336,205.50%,8707,"8,356.90",-101,44700,-101
292,Baxter International,12784,9.50%,1284,16.50%,33521,"39,017.90",-28,60000,-28
293,Ecolab,12733,-0.10%,1130,,21206,"50,548.40",-56,47000,-56
294,Tractor Supply,12731,19.90%,997,33.10%,7768,"26,171.60",-3,34000,-3
295,Andersons,12729,55.10%,104,1248.70%,4569,"1,708.20",71,2334,71
296,Keurig Dr Pepper,12683,9.20%,2146,62.00%,50598,"53,748.20",-29,27500,-29
297,Universal Health Services,12642,9.40%,992,5.00%,13094,"10,843.10",-27,78850,-27
298,CSX,12522,18.30%,3781,36.70%,40531,"81,587.80",-6,20919,-6
299,Henry Schein,12401,22.60%,631,56.30%,8481,"11,960.10",-1,21600,-1
300,Sonic Automotive,12396,26.90%,349,,4975,"1,728.80",8,10200,8
301,eBay,12394,9.20%,13608,140.10%,26626,"33,641.90",-25,10800,-25
302,Textron,12382,6.30%,746,141.40%,15827,"16,090.60",-37,33000,-37
303,Jones Financial (Edward Jones),12373,21.70%,1605,24.90%,32208,,-8,50000,-8
304,Community Health Systems,12368,4.90%,230,-55.00%,15217,"1,598.60",-45,58500,-45
305,Mosaic,12357,42.30%,1631,144.80%,22036,"24,492.60",41,12525,41
306,Thor Industries,12317,50.80%,660,195.90%,6654,"4,330.90",62,31000,62
307,Dick's Sporting Goods,12293,28.30%,1520,186.60%,9042,"7,986.60",13,34300,13
308,Newmont,12222,6.30%,1166,-58.80%,40564,"62,968.10",-35,14400,-35
309,Devon Energy,12206,139.80%,2813,,21025,"39,274.10",211,1600,-
310,Warner Bros. Discovery,12191,14.20%,1006,-17.50%,34427,"12,700.50",-20,11000,-20
311,J.B. Hunt Transport Services,12168,26.30%,761,50.30%,6794,"21,052.90",4,33045,4
312,Alcoa,12152,30.90%,429,,15025,"16,603.40",18,12200,18
313,Peter Kiewit Sons',12149,-2.50%,753,-8.80%,6238,,-70,28800,-70
314,Aramark,12096,-5.70%,-91,,14376,"9,655.50",-79,248300,-79
315,Vistra,12077,5.50%,-1274,-300.30%,29683,"10,434.70",-41,5060,-41
316,State Street,12030,-0.40%,2693,11.30%,314624,"31,891.80",-64,38784,-64
317,Unum Group,12014,-8.70%,824,3.90%,70116,"6,382.80",-87,10200,-87
318,Alleghany,12004,34.90%,1035,917.10%,32269,"11,396.10",21,13313,21
319,Boston Scientific,11888,19.90%,1041,,32229,"63,310.20",-14,41000,-14
320,Westlake,11778,57.00%,2015,510.60%,18459,"15,785.40",68,14550,68
321,Entergy,11743,16.10%,1119,-19.40%,59454,"23,760.40",-21,12369,-21
322,International Flavors & Fragrances,11656,129.30%,270,-25.70%,39658,"33,455.60",200,24000,-
323,DaVita,11619,0.60%,979,26.50%,17122,"10,892.50",-52,69000,-52
324,Mutual of Omaha Insurance,11459,3.30%,579,-17.10%,49853,,-42,5739,-42
325,Assurant,11410,13.00%,1372,210.60%,33912,"10,493.10",-23,15600,-23
326,Liberty Media,11400,21.80%,398,,44351,"15,239.10",,6886,
327,Hormel Foods,11386,18.50%,909,0.10%,12696,"28,089.20",-10,20000,-10
328,Icahn Enterprises,11328,85.00%,-518,,27746,"15,237.10",125,19536,125
329,Republic Services,11295,11.20%,1290,33.40%,24955,"41,841.70",-32,35000,-32
330,Mohawk Industries,11201,17.30%,1033,100.40%,14225,"8,081.80",-9,43000,-9
331,Conagra Brands,11185,1.20%,1299,54.60%,22196,"16,103.50",-48,18600,-48
332,Norfolk Southern,11142,13.80%,3005,49.30%,38493,"68,389.30",-25,18100,-25
333,AES,11141,15.30%,-409,-989.10%,32963,"17,172.10",-20,8450,-20
334,AGCO,11138,21.70%,897,110.00%,9182,"10,885.30",-3,23300,-3
335,Caesars Entertainment,11110,219.80%,-1019,,38031,"16,564.60",340,49000,-
336,Equitable Holdings,11036,-11.10%,-439,,292262,"12,041.20",-92,10000,-92
337,Advance Auto Parts,10998,8.80%,616,25.00%,12194,"12,644.80",-36,54500,-36
338,Biogen,10982,-18.30%,1556,-61.10%,23877,"30,950.40",-110,9610,-110
339,Auto-Owners Insurance,10980,24.00%,1318,59.00%,32487,,2,6441,2
340,Booking Holdings,10958,61.20%,1165,1874.60%,23641,"96,022.70",84,20199,84
341,Amphenol,10876,26.50%,1591,32.20%,14678,"45,130.10",8,90000,8
342,Quest Diagnostics,10788,14.30%,1995,39.40%,13611,"16,348.60",-18,44500,-18
343,FirstEnergy,10758,3.10%,1283,18.90%,45432,"26,181.60",-49,12395,-49
344,DCP Midstream,10707,69.90%,391,,13380,"6,993.20",98,1788,98
345,Ally Financial,10690,-0.80%,3060,182.00%,182114,"14,411.60",-58,10500,-58
346,Delek US Holdings,10648,45.80%,-204,,6728,"1,500.20",51,3312,51
347,Williams,10627,37.70%,1517,619.00%,47612,"40,670.40",32,4783,32
348,Newell Brands,10589,12.80%,572,,14179,"8,902.40",-23,32000,-23
349,Eastman Chemical,10476,23.60%,857,79.30%,15519,"14,450.10",6,14000,6
350,Air Products & Chemicals,10323,16.60%,2099,11.30%,26859,"55,409.40",-10,20750,-10
351,Thrivent Financial for Lutherans,10313,26.50%,2530,297.20%,116525,,18,3256,18
352,Molson Coors Beverage,10280,6.50%,1006,,27619,"11,631.80",-38,16300,-38
353,Interpublic Group,10241,13.00%,953,171.40%,19909,"13,965.90",-19,55600,-19
354,Weyerhaeuser,10201,35.40%,2607,227.10%,17652,"28,315.00",33,9214,33
355,Altice USA,10091,2.00%,990,127.00%,33215,"5,674.10",-49,9000,-49
356,Raymond James Financial,9910,21.30%,1403,71.50%,61891,"22,817.50",11,15000,11
357,EMCOR Group,9904,12.60%,384,188.50%,5441,"5,931.80",-13,34000,-13
358,Eversource Energy,9863,10.80%,1221,1.30%,48492,"30,403.20",-20,9227,-20
359,Yum China Holdings,9853,19.20%,990,26.30%,13223,"17,679.00",4,298500,4
360,Asbury Automotive Group,9838,37.90%,532,109.30%,8003,"3,714.80",45,14200,45
361,Owens & Minor,9785,12.40%,222,641.80%,3537,"3,375.60",-16,17300,-16
362,Public Service Enterprise Group,9722,1.20%,-648,-134.00%,48999,"35,145.50",-44,12684,-44
363,United Rentals,9716,13.90%,1386,55.70%,20292,"25,643.30",-11,20400,-11
364,MGM Resorts International,9680,87.50%,1254,,40899,"18,257.90",153,60500,-
365,Ryder System,9663,14.80%,519,,13834,"4,055.40",-8,42800,-8
366,Intuit,9633,25.40%,2062,12.90%,15516,"135,987.60",14,17350,14
367,Cincinnati Financial,9630,27.80%,2946,142.20%,31387,"21,813.30",19,5166,19
368,Erie Insurance Group,9620,11.00%,1130,-3.70%,27297,,-21,5805,-21
369,Univar Solutions,9536,15.40%,461,770.70%,6778,"5,459.80",-7,9450,-7
370,Huntington Ingalls Industries,9524,1.70%,544,-21.80%,10627,"7,991.00",-43,44000,-43
371,W.R. Berkley,9456,16.70%,1023,92.70%,32086,"17,658.80",1,7681,1
372,Western & Southern Financial Group,9442,17.20%,361,76.70%,62877,,2,2538,2
373,Insight Enterprises,9436,13.10%,219,27.10%,4689,"3,745.10",-13,11624,-13
374,News Corp.,9358,3.90%,330,,16771,"13,127.70",-37,24000,-37
375,American Tower,9357,16.40%,2568,51.90%,69888,"114,527.40",,6378,
376,Old Republic International,9342,30.40%,1534,174.70%,24982,"7,972.80",25,9600,25
377,Burlington Stores,9322,61.70%,409,,7090,"12,112.80",94,38599,94
378,Avis Budget Group,9313,72.40%,1285,,22600,"14,157.00",120,18500,120
379,ODP,9267,-4.60%,-208,,4865,"2,222.20",-67,26000,-67
380,VF,9239,-21.00%,408,-40.00%,13754,"22,112.90",-117,33600,-117
381,Bed Bath & Beyond,9233,-17.30%,-151,,6457,"2,170.50",-101,37600,-101
382,Seaboard,9229,29.50%,570,101.40%,7503,"4,881.60",24,13200,24
383,First American Financial,9221,30.10%,1241,78.20%,16451,"7,087.20",26,22233,26
384,Intercontinental Exchange,9168,11.20%,4058,94.30%,193502,"74,044.80",-19,8858,-19
385,PVH,9155,28.40%,952,,12397,"5,210.00",19,25000,19
386,Apollo Global Management,9124,332.20%,1839,1073.90%,30502,"37,194.00",552,2153,
387,Jefferies Financial Group,9040,30.00%,1674,116.00%,60404,"7,933.90",32,5556,32
388,Hershey,8971,10.10%,1478,15.50%,10412,"44,461.50",-18,17805,-18
389,NVR,8970,18.60%,1237,37.20%,5835,"15,010.50",-6,6600,-6
390,Foot Locker,8958,18.70%,893,176.50%,8135,"2,850.00",-5,33244,-5
391,Dana,8945,25.90%,197,,7632,"2,544.40",17,40200,17
392,SpartanNash,8931,-4.50%,74,-2.80%,2207,"1,185.10",-63,13300,-63
393,Olin,8911,54.80%,1297,,8518,"8,062.00",79,7750,79
394,Chewy,8891,24.40%,-74,,2086,"17,147.30",9,21300,9
395,Jackson Financial,8848,-,3183,,375484,"3,895.10",,3150,
396,Activision Blizzard,8803,8.90%,2699,22.80%,25056,"62,559.70",-23,9800,-23
397,Toll Brothers,8790,24.20%,834,86.70%,11538,"5,515.40",14,5100,14
398,Carlyle Group,8782,199.30%,2975,754.30%,21250,"17,427.50",360,1850,
399,Graybar Electric,8767,20.70%,262,115.40%,3069,,,8800,
400,Ovintiv,8658,42.20%,1416,,14055,"13,987.50",58,1713,58
401,UFP Industries,8636,67.60%,536,117.10%,3245,"4,790.50",117,15000,
402,Ulta Beauty,8631,40.30%,986,460.70%,4764,"20,837.80",49,28500,49
403,Constellation Brands,8615,3.30%,1998,,27105,"43,763.50",-44,9300,-44
404,Expedia Group,8598,65.40%,12,,21548,"30,476.50",111,14800,
405,CommScope Holding,8587,1.80%,-463,,13260,"1,629.70",-49,30000,-49
406,Celanese,8537,51.00%,1890,-4.80%,11975,"15,434.10",71,8529,71
407,Global Payments,8524,14.80%,966,65.20%,45280,"38,545.60",-13,25000,-13
408,Owens Corning,8498,20.50%,995,,10015,"9,064.70",5,20000,5
409,Campbell Soup,8476,-6.30%,1002,-38.50%,11734,"13,446.90",-74,14100,-74
410,Huntsman,8453,40.30%,1045,1.10%,9392,"8,046.90",50,9000,50
411,Franklin Resources,8426,51.40%,1831,129.20%,24168,"14,019.30",73,10300,73
412,Avery Dennison,8408,20.60%,740,33.10%,7972,"14,327.40",5,36000,5
413,Masco,8375,14.90%,410,-66.50%,5575,"12,062.70",-15,20000,-15
414,CenterPoint Energy,8352,-5.50%,1486,,37679,"19,285.80",-72,9418,-72
415,Fifth Third Bancorp,8329,-0.90%,2770,94.10%,211116,"29,511.30",-57,19112,-57
416,WEC Energy Group,8316,14.80%,1300,8.40%,38989,"31,483.50",-16,6938,-16
417,S&P Global,8297,11.50%,3024,29.30%,15026,"142,343.50",-24,22850,-24
418,FM Global,8275,21.70%,2842,64.10%,32161,,5,5560,5
419,Polaris,8252,16.10%,494,295.80%,5048,"6,264.10",-12,16000,-12
420,Williams-Sonoma,8246,21.60%,1126,65.50%,4626,"10,376.00",5,16600,5
421,Autoliv,8230,10.50%,435,132.70%,7537,"6,691.10",-29,58176,-29
422,Arthur J. Gallagher,8209,17.20%,907,10.70%,33345,"36,598.60",-6,39000,-6
423,Motorola Solutions,8171,10.20%,1245,31.20%,12189,"40,555.90",-28,18700,-28
424,Zillow Group,8147,143.90%,-528,,10696,"12,287.10",268,8005,
425,Opendoor Technologies,8021,210.50%,-662,,9506,"5,364.10",394,2816,
426,J.M. Smucker,8003,2.60%,876,12.40%,16284,"14,686.40",-48,7100,-48
427,Realogy Holdings,7983,28.30%,343,,7210,"1,852.10",18,9748,18
428,Oshkosh,7953,16.00%,409,26.20%,6722,"6,703.70",-6,15000,-6
429,MasTec,7952,25.80%,329,1.90%,7121,"6,657.00",12,27000,12
430,GXO Logistics,7940,-,153,,7271,"8,193.00",,97500,
431,APA,7928,84.00%,973,,13303,"14,332.30",164,2253,
432,Boise Cascade,7926,44.80%,713,307.20%,2573,"2,740.40",61,6130,61
433,Dover,7907,18.30%,1124,64.40%,10404,"22,610.30",-4,25000,-4
434,Genworth Financial,7882,-9.00%,904,407.90%,99171,"1,917.90",-86,2500,-86
435,Bath & Body Works,7882,-33.50%,1334,57.90%,6026,"11,419.90",-178,32850,-178
436,Booz Allen Hamilton Holding,7859,5.30%,609,26.20%,5500,"11,705.40",-45,27700,-45
437,Coinbase Global,7839,513.70%,3624,1024.40%,21274,"41,670.40",,3730,
438,Zimmer Biomet Holdings,7836,11.60%,402,,23456,"26,772.30",-24,19500,-24
439,Westinghouse Air Brake Technologies,7822,3.50%,558,34.70%,18454,"17,819.40",-55,25000,-55
440,Zoetis,7776,16.50%,2037,24.40%,13900,"89,008.90",-9,12100,-9
441,Packaging Corp. of America,7730,16.10%,841,82.50%,7837,"14,628.10",-8,15200,-8
442,LPL Financial Holdings,7721,31.50%,460,-2.70%,7992,"14,608.80",24,5919,24
443,T. Rowe Price,7672,23.60%,3083,29.90%,12509,"34,442.60",4,7529,4
444,Fortune Brands Home & Security,7656,25.70%,772,39.60%,7936,"9,830.70",12,28056,12
445,Casey's General Stores,7654,-5.60%,313,18.60%,4460,"7,354.40",-74,27583,-74
446,A-Mark Precious Metals,7613,39.40%,160,423.20%,1192,890.5,49,347,49
447,Hess,7583,57.80%,559,,20515,"33,155.20",96,1545,
448,Vertex Pharmaceuticals,7574,22.10%,2342,-13.60%,13433,"66,436.90",,3900,
449,KeyCorp,7561,3.10%,2625,95.50%,186346,"20,592.50",-53,16974,-53
450,Chipotle Mexican Grill,7547,26.10%,653,83.50%,6653,"44,347.40",14,97660,14
451,CMS Energy,7538,12.80%,1353,79.20%,28753,"20,292.20",-21,8813,-21
452,Arconic,7504,32.20%,-397,,6580,"2,690.70",24,13900,24
453,Taylor Morrison Home,7501,22.40%,663,172.40%,8728,"3,301.60",-1,3000,-1
454,American Financial Group,7462,-5.70%,1995,172.50%,28931,"12,367.80",-78,6600,-78
455,UGI,7447,13.50%,1467,175.80%,16723,"7,599.10",-19,11300,-19
456,Science Applications International,7394,4.80%,277,32.50%,5746,"5,166.10",-44,25090,-44
457,Avantor,7386,15.50%,573,391.10%,13897,"20,629.10",-19,13500,-19
458,Hanesbrands,7348,10.30%,77,,7071,"5,191.40",-26,58000,-26
459,Clorox,7341,9.20%,710,-24.40%,6334,"17,108.70",-32,9000,-32
460,KBR,7339,27.30%,18,,6199,"7,634.90",10,28000,10
461,TravelCenters of America,7337,51.40%,59,,3509,637.5,79,16540,
462,Hertz Global Holdings,7336,39.50%,366,,19783,"9,508.90",46,23000,
463,Analog Devices,7318,30.60%,1390,13.90%,52322,"86,441.20",18,24700,18
464,Securian Financial Group,7317,6.50%,312,28.10%,75169,,-43,6941,-43
465,Darden Restaurants,7196,-7.80%,629,,10656,"16,980.90",-88,156883,-88
466,Graphic Packaging Holding,7156,9.10%,204,21.90%,10457,"6,154.40",-31,25000,-31
466,NCR,7156,15.30%,97,,11641,"5,474.70",-20,38000,-20
468,Brighthouse Financial,7142,-16.00%,-108,,259840,"3,958.70",-115,1500,-115
469,PPL,7127,-6.30%,-1480,-200.70%,33223,"21,001.90",-87,5607,-87
470,Cintas,7116,0.40%,1111,26.80%,8237,"43,566.70",-60,40000,-60
471,Xerox Holdings,7038,0.20%,-455,-337.00%,13223,"3,123.30",-56,23300,-56
472,Rockwell Automation,6997,10.50%,1358,32.70%,10702,"32,538.40",-32,24500,-32
473,Citizens Financial Group,6986,-9.00%,2319,119.40%,188409,"19,135.70",-92,17463,-92
474,KLA,6919,19.20%,2078,70.80%,10271,"55,170.90",-6,11425,-6
475,Camping World Holdings,6914,26.90%,279,127.60%,4373,"2,664.60",21,12834,21
476,Ingredion,6894,15.10%,117,-66.40%,6999,"5,814.20",-13,12000,-13
477,Veritiv,6851,8.00%,145,322.80%,2438,"2,008.00",-38,6100,-38
478,Beacon Roofing Supply,6820,-1.80%,243,,5549,"4,175.90",-58,6676,-58
479,Diamondback Energy,6797,141.60%,2182,,22898,"24,320.00",302,870,
480,Victoria's Secret,6785,-,646,,4344,"4,330.40",,24000,
481,Academy Sports and Outdoors,6773,19.10%,671,117.40%,4585,"3,433.50",-6,16508,-6
482,Sanmina,6757,-2.90%,269,92.50%,4207,"2,569.00",-64,33500,-64
483,ON Semiconductor,6740,28.30%,1010,331.10%,9626,"27,078.70",26,31650,
484,Commercial Metals,6730,22.90%,413,47.70%,4639,"5,056.70",8,11089,8
485,EnLink Midstream,6686,71.70%,22,,8483,"4,670.60",145,1073,
486,Southwestern Energy,6667,188.90%,-25,,11848,"7,989.70",407,938,
487,Equinix,6636,10.60%,500,35.30%,27919,"67,280.50",-26,10944,-26
488,Dillard's,6624,49.40%,863,,3246,"4,928.20",97,25350,
489,Regions Financial,6605,-0.80%,2521,130.40%,162938,"20,860.90",-55,19626,-55
490,Yum Brands,6584,16.50%,1575,74.20%,5966,"34,252.90",-12,25650,-12
491,Landstar System,6540,58.10%,382,98.60%,2046,"5,600.00",115,1399,
492,CF Industries Holdings,6538,58.50%,917,189.30%,12375,"21,551.30",117,3003,
493,Northern Trust,6488,3.00%,1545,27.80%,183890,"24,215.10",-50,21100,-50
494,Robert Half International,6461,26.50%,599,95.50%,2952,"12,638.10",25,14600,
495,Compass,6421,72.60%,-494,,1801,"3,358.80",151,4775,
496,Hasbro,6420,17.50%,429,92.70%,10038,"11,383.60",-2,6640,-2
497,Roper Technologies,6416,16.10%,1153,21.40%,23714,"49,868.80",-9,19300,-9
498,ARKO,6413,88.10%,59,348.90%,2942,"1,133.90",183,11236,
499,Frontier Communications,6411,-10.40%, - ,,16481,"6,763.10",-97,15640,-97
500,Ameren,6394,10.40%,990,13.70%,35735,"24,198.70",-31,9116,-31
501,O-I Glass,6357,4.40%,149,-40.20%,8832,"2,058.00",-46,24000,
502,Chemours,6345,27.70%,608,177.60%,7550,"5,015.00",25,6400,
503,Crown Castle International,6340,8.60%,1096,3.80%,39040,"79,937.30",-36,5000,
504,Agilent Technologies,6319,18.40%,1210,68.30%,10705,"39,714.00",-2,17000,
505,McCormick,6318,12.80%,755,1.10%,12906,"26,754.00",-23,14000,
506,Skechers U.S.A.,6310,36.80%,742,652.30%,6491,"6,360.40",52,8950,
507,Watsco,6280,24.20%,419,55.40%,3086,"11,842.60",17,6875,
508,Live Nation Entertainment,6268,236.80%,-651,,14402,"26,425.00",486,16200,
509,Lululemon athletica,6257,42.10%,975,65.60%,4943,"46,717.80",78,29000,
510,ABM Industries,6229,4.00%,126,42000.00%,4436,"3,078.70",-48,124000,
511,Post Holdings,6227,9.30%,167,20737.50%,12415,"4,284.40",-37,10735,
512,Moody's,6218,15.80%,2214,24.50%,14680,"62,548.10",-12,13460,
513,Select Medical Holdings,6205,12.20%,402,55.30%,7360,"3,208.60",-26,43200,
514,Alaska Air Group,6176,73.20%,478,,13951,"7,314.30",147,21691,
515,Big Lots,6151,-0.80%,178,-71.70%,3927,988.1,-66,23350,
516,Amkor Technology,6138,21.50%,643,90.20%,6039,"5,313.00",9,30400,
517,Sinclair Broadcast Group,6134,3.20%,-414,,12541,"2,008.10",-52,11500,
518,RPM International,6106,10.90%,503,65.10%,6253,"10,560.80",-29,15490,
519,M&T Bank,6106,-2.80%,1859,37.40%,155107,"21,875.00",-75,17342,
520,Sprouts Farmers Market,6100,-5.70%,244,-15.10%,2923,"3,546.80",-83,31000,
521,Huntington Bancshares,6080,16.10%,1295,58.50%,174064,"21,123.40",-11,18442,
522,CACI International,6044,5.70%,457,42.30%,6172,"7,051.20",-49,22000,
523,JetBlue Airways,6037,104.20%,-182,,13642,"4,786.90",229,17459,
524,SVB Financial Group,6027,47.70%,1833,51.70%,211478,"32,901.00",89,6567,
525,Fastenal,6011,6.40%,925,7.70%,4299,"34,187.90",-46,18370,
526,GameStop,6011,18.10%,-381,,3499,"12,716.60",-5,22500,
527,Knight-Swift Transportation Holdings,5998,28.30%,743,81.30%,10656,"8,386.00",24,27650,
528,Airbnb,5992,77.40%,-352,,13709,"110,419.90",160,6132,
529,Patterson,5912,7.70%,156,,2752,"3,160.00",-38,7800,
530,Penn National Gaming,5905,65.00%,421,,16872,"7,140.20",129,21973,
531,ServiceNow,5896,30.50%,230,94.10%,10798,"111,378.00",39,16881,
532,Nasdaq,5886,4.60%,1187,27.20%,20115,"29,298.20",-52,5814,
533,Brunswick,5846,34.50%,593,59.20%,5425,"6,197.30",59,18582,
534,Resideo Technologies,5846,15.30%,242,554.10%,5853,"3,455.80",-11,13300,
535,Chesapeake Energy,5809,11.50%, - ,,11009,"11,135.90",-22,1300,
536,Petco Health and Wellness,5807,18.00%,164,,6498,"5,930.20",-5,28495,
537,Kemper,5793,11.30%,-121,-129.40%,14917,"3,606.00",-23,10300,
538,Hilton Worldwide Holdings,5788,34.40%,410,,15441,"42,356.60",58,142000,
539,Cerner,5765,4.70%,556,-28.80%,7434,"27,492.20",-49,25150,
540,Levi Strauss,5764,29.50%,554,,5900,"7,874.70",40,16600,
541,Tapestry,5746,15.80%,834,,8382,"9,807.20",-13,14250,
542,NetApp,5744,6.10%,730,-10.90%,9360,"18,470.50",-45,11000,
543,KB Home,5725,36.90%,565,90.60%,5836,"2,858.10",60,2244,
544,Continental Resources,5719,121.10%,1661,,18591,"22,342.40",274,1254,
545,Intuitive Surgical,5710,31.00%,1705,60.70%,13555,"108,361.90",46,9793,
546,Under Armour,5684,27.00%,360,,4991,"7,712.40",32,12300,
547,MDU Resources Group,5681,2.70%,378,-3.10%,8910,"5,419.30",-61,12826,
548,Silgan Holdings,5677,15.30%,359,16.30%,7771,"5,104.30",-18,15720,
549,Ryerson Holding,5675,63.70%,294,,2366,"1,344.60",127,4000,
550,Ingersoll Rand,5655,15.20%,563,,15155,"20,541.20",-17,16000,
551,Hologic,5632,49.10%,1872,67.80%,8920,"19,305.10",90,6705,
552,Electronic Arts,5629,1.70%,837,-72.50%,13288,"35,577.40",-67,11000,
553,Zebra Technologies,5627,26.50%,837,66.10%,6215,"21,959.10",28,9800,
554,Coty,5616,-16.60%,-201,,13691,"7,540.60",-128,11430,
555,Schneider National,5609,23.20%,405,91.50%,3937,"4,551.60",10,17050,
556,Sonoco Products,5590,6.70%,-86,-141.20%,5073,"6,099.10",-45,20500,
557,Concentrix,5587,-,406,,5046,"8,605.20",,290000,
558,Evergy,5587,13.70%,880,42.30%,28521,"15,512.70",-26,4930,
559,Cornerstone Building Brands,5583,20.90%,666,,5828,"3,088.70",-2,21700,
560,Coca-Cola Consolidated,5563,11.10%,190,9.90%,3446,"4,657.30",-34,15050,
561,Greif,5556,23.10%,391,259.10%,5816,"3,134.00",11,16000,
562,Vulcan Materials,5552,14.30%,671,14.80%,13683,"24,412.70",-23,11912,
563,Ametek,5547,22.20%,990,13.50%,11898,"30,787.30",3,18500,
564,Monster Beverage,5541,20.50%,1378,-2.30%,7805,"42,295.80",-2,3775,
565,Sealed Air,5534,12.90%,507,0.80%,6229,"9,920.70",-31,16500,
566,NOV,5524,-9.30%,-250,,9550,"7,700.20",-109,27043,
567,Las Vegas Sands,5505,52.40%,-961,,20059,"29,696.40",87,44600,
568,Martin Marietta Materials,5493,16.10%,703,-2.60%,14393,"24,015.10",-22,10000,
569,Marathon Oil,5467,77.20%,946,,16994,"18,349.50",164,1531,
570,Mattel,5458,19.10%,903,613.10%,6394,"7,823.30",-7,36300,
571,Microchip Technology,5438,3.10%,349,-38.80%,16479,"41,777.10",-66,19500,
572,Harley-Davidson,5336,31.60%,650,49978.90%,11051,"6,062.90",42,5800,
573,Telephone & Data Systems,5329,2.00%,156,-31.00%,13493,"2,163.40",-61,8800,
574,ADT,5307,-0.10%,-341,,16894,"6,843.00",-70,25000,
575,First Republic Bank,5305,17.70%,1478,38.90%,181087,"29,113.60",-1,6295,
576,Warner Music Group,5301,18.80%,304,,7211,"19,485.70",3,5900,
577,Pool,5296,34.50%,651,77.40%,3230,"16,967.10",47,5650,
578,Old Dominion Freight Line,5256,30.90%,1034,53.80%,4822,"34,307.50",41,23663,
579,Fortive,5255,13.40%,608,-62.30%,16466,"21,877.90",-23,18000,
580,MDC Holdings,5255,34.70%,574,56.10%,4964,"2,692.70",49,2080,
581,NGL Energy Partners,5243,-73.50%,-640,,5947,288.6,-430,997,
582,Edwards Lifesciences,5233,19.30%,1503,82.50%,8503,"73,141.40",7,15700,
583,Hanover Insurance Group,5228,8.30%,419,16.70%,14254,"5,317.90",-41,4400,
584,Syneos Health,5213,18.10%,235,21.80%,8237,"8,436.70",2,27443,
585,Xylem,5195,6.50%,427,68.10%,8276,"15,354.70",-47,16700,
586,Church & Dwight,5190,6.00%,828,5.30%,7997,"24,119.10",-51,5100,
587,American Axle & Manufacturing,5157,9.50%,6,,5636,888.3,-40,18000,
588,Meritage Homes,5141,14.20%,737,74.10%,4808,"2,907.30",-11,1773,
589,Workday,5139,19.00%,29,,10499,"60,583.40",5,15200,
590,Rush Enterprises,5126,8.20%,241,110.10%,3120,"2,788.50",-45,7141,
591,Yellow,5122,13.50%,-109,,2426,360.3,-18,32000,
592,Encompass Health,5122,10.30%,412,45.00%,6865,"7,071.10",-38,35681,
593,Simon Property Group,5117,11.10%,2250,102.20%,33777,"43,197.80",-33,2850,
594,Globe Life,5113,7.90%,745,1.80%,29768,"9,977.30",-50,3222,
595,Skyworks Solutions,5109,52.30%,1498,83.90%,8591,"21,547.50",95,10945,
596,Endeavor Group Holdings,5078,46.00%,-297,,11435,"20,363.10",78,7700,
597,Twitter,5078,36.60%,-221,,14060,"30,976.80",50,7500,
598,Leggett & Platt,5073,18.50%,402,62.50%,5307,"4,659.00",,20300,
599,Western Union,5071,4.90%,806,8.30%,8824,"7,374.70",-58,10500,
600,PerkinElmer,5067,34.00%,943,29.60%,15001,"22,009.40",39,16700,
601,SS&C Technologies Holdings,5051,8.20%,800,28.00%,17333,"19,235.10",-49,24900,
602,CUNA Mutual Group,5050,24.70%,622,327.70%,44345,,13,4100,
603,FMC,5045,8.70%,737,33.50%,10581,"16,563.80",-48,6400,
604,Carlisle,5030,18.50%,422,31.70%,7247,"12,804.50",-5,11250,
605,American Eagle Outfitters,5011,33.30%,420,,3787,"2,836.60",37,24000,
606,Core & Main,5004,37.40%,166,348.60%,4434,"5,948.80",,4100,
607,Vertiv Holdings,4998,14.40%,120,,6940,"5,263.90",-17,24000,
608,Broadridge Financial Solutions,4994,10.30%,548,18.40%,8120,"18,182.70",-40,13704,
609,Ingles Markets,4988,8.20%,250,39.80%,2018,"1,691.40",-50,18460,
610,TPG,4976,135.30%,2181,198.10%,8962,"9,304.90",,1013,
611,Insperity,4973,16.00%,124,-10.20%,1753,"3,849.80",-14,3600,
612,Howmet Aerospace,4972,-5.50%,258,-1.10%,10219,"15,055.40",-105,19900,
613,R.R. Donnelley & Sons,4964,-8.10%,4,-96.20%,3131,,-114,32000,
614,Keysight Technologies,4941,17.10%,894,42.60%,7781,"28,746.60",-13,14300,
615,Tempur Sealy International,4931,34.10%,625,79.00%,4323,"4,997.70",37,12000,
616,Scotts Miracle-Gro,4925,19.20%,513,32.30%,4800,"6,834.60",-9,8050,
617,Equifax,4924,19.30%,744,43.10%,11041,"29,141.80",-9,12700,
618,Kelly Services,4910,8.70%,156,,2894,856,-47,7400,
619,NiSource,4900,4.70%,585,,24157,"12,891.20",-70,7307,
620,OneMain Holdings,4895,-,1314,80.00%,22079,"6,042.80",-84,8800,
621,DoorDash,4888,69.40%,-468,,6809,"40,830.30",148,8600,
622,Avient,4819,48.60%,231,75.40%,4997,"4,388.40",80,8700,
623,Sanderson Farms,4800,34.70%,455,1509.60%,2345,"4,185.40",39,17662,
624,TransDigm Group,4798,-7.40%,680,-2.70%,19315,"36,135.80",-108,13300,
625,Stifel Financial,4783,25.30%,825,63.80%,34050,"7,226.00",8,8600,
626,JELD-WEN Holding,4772,12.70%,169,84.30%,3739,"1,826.00",-26,24700,
627,Ares Management,4771,122.80%,409,168.70%,21605,"23,821.10",,2100,
628,Elanco Animal Health,4765,45.60%,-472,,16483,"12,345.40",71,9800,
629,Prologis,4759,7.20%,2940,98.40%,58486,"119,524.50",-45,2053,
630,Welltower,4742,3.00%,336,-65.70%,34910,"43,001.50",-69,464,
631,Darling Ingredients,4741,32.70%,651,119.30%,6134,"12,987.40",29,9900,
632,Juniper Networks,4735,6.50%,253,-2.00%,8887,"11,986.60",-50,10191,
633,Gartner,4734,15.50%,794,197.50%,7416,"24,477.20",-21,16600,
634,Par Pacific Holdings,4710,50.70%,-81,,2570,783.3,91,1336,
635,Hubbell,4704,12.40%,400,13.80%,5282,"9,959.60",-33,18300,
636,CME Group,4690,-4.00%,2636,25.20%,196780,"85,492.30",-99,3480,
637,Nexstar Media Group,4648,3.30%,835,2.90%,13265,"7,728.30",-61,11817,
638,Tutor Perini,4642,-12.70%,92,-15.20%,4725,551.8,-135,7800,
639,Antero Resources,4619,32.30%,-187,,13897,"9,608.00",33,519,
640,Teledyne Technologies,4614,49.50%,445,10.80%,14430,"22,102.90",92,14500,
641,Snap-on,4602,16.70%,821,30.90%,6760,"10,976.10",-18,12800,
642,Rent-A-Center,4584,62.90%,135,-35.20%,2993,"1,486.90",138,14290,
643,Covetrus,4575,5.40%,-54,,3410,"2,319.30",-50,4873,
644,Crestwood Equity Partners,4569,102.70%,-79,,4446,"2,931.50",260,645,
645,Louisiana-Pacific,4553,63.30%,1377,176.00%,2194,"5,344.10",142,4800,
646,Urban Outfitters,4549,31.90%,311,25030.70%,3791,"2,421.40",32,16330,
647,Penn Mutual Life Insurance,4546,22.80%,523,82.20%,44191,,2,3194,
648,Amerco,4542,14.20%,611,38.20%,14652,"11,704.70",-28,22052,
649,TriNet Group,4540,12.50%,338,24.30%,3309,"6,482.50",-31,2800,
650,Sentry Insurance Group,4526,26.20%,740,266.70%,23881,,8,4064,
651,Illumina,4526,39.70%,762,16.20%,15217,"54,855.80",55,10775,
652,Iron Mountain,4492,8.30%,450,31.40%,14450,"16,059.50",-47,25000,
653,LCI Industries,4473,60.00%,288,81.60%,3288,"2,624.50",131,13900,
654,Marvell Technology,4462,50.30%,-421,,22109,"60,795.70",,6712,
655,PennyMac Financial Services,4450,-1.90%,1004,-39.10%,18777,"2,948.50",-88,7208,
656,Digital Realty Trust,4428,13.40%,1709,379.60%,36370,"40,337.70",-29,3030,
657,TreeHouse Foods,4406,-3.60%,-13,-190.60%,5207,"1,800.00",-93,10000,
658,Ralph Lauren,4401,-28.60%,-121,-131.50%,7888,"8,073.20",-208,16200,
659,Mattress Firm Group,4393,34.90%,-165,-231.40%,3539,,,8900,
660,American National Group,4392,15.80%,699,49.60%,31320,"5,084.10",-24,4545,
661,Autodesk,4386,15.70%,497,-58.90%,8607,"46,580.00",-24,12600,
662,Domino's Pizza,4357,5.80%,511,3.90%,1672,"14,665.90",-52,10450,
663,ASGN,4334,9.70%,410,104.60%,3503,"6,022.20",-41,3900,
664,Flowers Foods,4331,-1.30%,206,35.40%,3253,"5,438.60",-76,8900,
665,BlueLinx Holdings,4277,38.10%,296,266.10%,1318,699.5,62,2045,
666,Palo Alto Networks,4256,24.90%,-499,,10242,"61,307.50",16,10473,
667,Maximus,4255,22.90%,291,35.80%,4119,"4,641.10",10,35800,
668,Dentsply Sirona,4251,27.20%,421,,9220,"10,708.00",23,15000,
669,Hub Group,4232,21.10%,172,133.10%,2437,"2,678.50",2,4700,
670,Voya Financial,4230,-53.70%,2126,,171262,"7,042.20",-338,5970,
670,Bread Financial Holdings,4230,-6.40%,801,274.80%,21746,"2,804.60",-101,6000,
672,Weis Markets,4224,2.70%,109,-8.50%,1911,"1,921.10",-61,24000,
673,Century Communities,4216,33.40%,499,141.80%,3497,"1,783.20",44,1600,
674,Synopsys,4204,14.10%,758,14.00%,8752,"51,023.20",-23,16361,
675,Brink's,4200,13.80%,105,557.50%,5567,"3,234.40",-25,73350,
676,Lennox International,4194,15.40%,464,30.20%,2172,"9,447.20",-23,11000,
677,Service Corp. International,4143,18.00%,803,55.60%,15691,"10,581.30",-7,20840,
678,Conduent,4140,-0.60%,-28,,4036,"1,111.60",-74,60000,
679,Timken,4133,17.60%,369,29.70%,5171,"4,539.60",-10,18029,
680,Domtar,4132,-11.10%,-27,,4854,,-127,6100,
681,Bloomin' Brands,4122,30.00%,216,,3294,"1,966.60",33,82000,
682,CNO Financial Group,4122,7.90%,441,46.10%,36204,"2,945.70",-50,3350,
683,Snap,4117,64.20%,-488,,7536,"58,458.40",156,5661,
684,Zoom Video Communications,4100,54.60%,1376,104.60%,7551,"35,066.30",126,6787,
685,Patrick Industries,4078,64.00%,225,131.70%,2651,"1,408.20",159,11000,
686,Paychex,4057,0.40%,1098,-0.10%,9227,"49,268.00",-69,15000,
687,Atlas Air Worldwide Holdings,4031,25.50%,493,36.90%,6443,"2,523.40",21,4056,
688,Bright Health Group,4029,233.70%,-1185,,3598,"1,213.50",,3203,
689,Peloton Interactive,4022,120.30%,-189,,4486,"8,760.90",,8662,
690,Country Financial,4016,65.30%,419,47.40%,16327,,164,3149,
691,Qorvo,4015,24.00%,734,119.40%,7222,"13,456.40",14,8750,
692,Catalent,3998,29.20%,585,165.10%,9112,"19,862.70",36,17300,
693,Mercury General,3993,5.50%,248,-33.80%,6773,"3,045.40",-55,4300,
694,AMN Healthcare Services,3984,66.40%,327,363.30%,3132,"4,796.10",168,3800,
695,Tri Pointe Homes,3982,22.10%,469,66.30%,4336,"2,160.10",5,1390,
696,ArcBest,3980,35.40%,214,200.30%,2113,"1,979.70",59,14000,
697,Toro,3960,17.20%,410,24.30%,2936,"8,936.90",-10,10982,
698,Spirit AeroSystems Holdings,3953,16.10%,-541,,7737,"5,130.60",-14,16100,
699,Align Technology,3953,59.90%,772,-56.50%,5942,"34,354.80",151,22540,
700,loanDepot,3943,-11.30%,114,-94.40%,11812,"1,290.30",-117,11307,
701,APi Group,3940,9.80%,47,,5159,"4,891.10",-45,13300,
702,American Water Works,3930,4.10%,1263,78.10%,26075,"30,085.50",-62,6400,
703,Matson,3925,64.70%,927,380.30%,3693,"4,927.50",163,4259,
704,Diebold Nixdorf,3905,0.10%,-79,,3507,531.2,-76,22000,
705,Marriott Vacations Worldwide,3890,34.80%,49,,9613,"6,620.00",64,20300,
706,Terex,3887,26.10%,221,,2864,"2,485.50",29,8600,
707,Sally Beauty Holdings,3875,10.30%,240,111.80%,2847,"1,720.50",-39,29000,
708,Enovis,3854,25.50%,72,68.10%,8515,"6,419.30",29,16200,
709,IAC/InterActiveCorp,3845,26.20%,598,121.50%,12300,"9,001.40",31,13200,
710,Meritor,3833,25.90%,199,-18.80%,2938,"2,519.40",32,9600,
711,Ventas,3828,0.90%,49,-88.80%,24718,"24,676.20",-77,434,
712,GoDaddy,3816,15.00%,242,,7417,"14,018.70",-15,6611,
713,Regal Rexnord,3810,31.10%,210,10.90%,10282,"10,002.10",50,30000,
714,Puget Energy,3806,14.40%,261,42.80%,15872,,-19,3185,
715,Clean Harbors,3806,21.00%,203,50.70%,5654,"6,073.80",6,18300,
716,Pinnacle West Capital,3804,6.00%,619,12.40%,22003,"8,820.00",-59,5872,
717,eXp World Holdings,3771,109.70%,81,160.90%,414,"3,149.30",,1669,
718,Mueller Industries,3769,57.20%,469,235.90%,1729,"3,100.40",143,5337,
719,Wynn Resorts,3764,79.60%,-756,,12531,"9,243.30",221,26950,
720,RH,3759,32.00%,689,153.30%,5541,"7,079.00",57,6100,
721,EPAM Systems,3758,41.30%,482,47.20%,3523,"16,870.70",87,58824,
722,M/I Homes,3746,23.00%,397,65.40%,3240,"1,262.20",19,1657,
723,Generac Holdings,3737,50.40%,551,57.00%,4878,"18,960.30",122,9248,
724,Mettler-Toledo International,3718,20.50%,769,27.60%,3327,"31,220.30",10,16700,
725,Abercrombie & Fitch,3713,18.80%,263,,2940,"1,619.50",-1,19250,
726,Teradyne,3703,18.60%,1015,29.40%,3809,"19,202.60",,5900,
727,American Equity Investment Life Holding,3690,52.20%,474,-29.40%,78349,"3,869.20",130,850,
728,Southwest Gas Holdings,3681,11.60%,201,-13.60%,12765,"5,233.60",-30,12720,
729,Pitney Bowes,3674,3.40%,-1,,4959,900.1,-65,11500,
730,Lamb Weston Holdings,3671,-3.20%,318,-13.10%,4209,"8,699.10",-95,7800,
731,Alliant Energy,3669,7.40%,659,7.30%,18553,"15,670.60",-51,3313,
732,Resolute Forest Products,3664,30.90%,307,2970.00%,3538,991.7,51,6900,
733,Parsons,3661,-6.60%,64,-35.00%,3831,"4,012.00",-108,15500,
734,Trimble,3659,16.20%,493,26.40%,7100,"18,122.70",-14,11931,
735,OGE Energy,3654,72.20%,737,,12606,"8,164.20",198,2185,
736,Garrett Motion,3633,19.70%, - ,,2706,463.9,7,7600,
737,Winnebago Industries,3630,54.10%,282,358.80%,2063,"1,770.90",140,6532,
738,Ciena,3621,2.50%,500,38.40%,4865,"9,223.40",-72,7205,
739,PriceSmart,3620,8.70%,98,25.40%,1706,"2,434.10",-45,10400,
740,Advantage Solutions,3602,14.20%,55,,5854,"2,029.60",-22,45000,
741,H&R Block,3589,35.90%,684,,4014,"4,284.60",70,38000,
742,iHeartMedia,3558,20.70%,-159,,8881,"2,728.10",11,9990,
743,Super Micro Computer,3557,6.50%,112,32.70%,2242,"1,963.00",-50,4155,
744,Flowserve,3541,-5.00%,126,-3.40%,4750,"4,681.40",-101,16000,
745,Charles River Laboratories International,3540,21.10%,391,7.30%,7024,"14,425.40",15,19300,
746,A.O. Smith,3539,22.20%,487,41.20%,3474,"10,032.20",21,13700,
747,New Residential Investment,3533,512.80%,772,,39742,"5,125.00",,12296,
748,Medical Mutual of Ohio,3515,-0.30%,78,-22.00%,2646,,-81,2834,
749,Granite Construction,3502,-1.70%,10,,2495,"1,504.70",-86,2600,
750,Valmont Industries,3502,20.90%,196,39.00%,3447,"5,083.40",16,11041,
751,Sprague Resources,3498,49.80%,-69,-303.80%,1418,433.7,135,757,
752,Primoris Services,3498,0.20%,116,10.10%,2543,"1,269.80",-79,10810,
753,Cboe Global Markets,3495,2.00%,529,13.00%,6815,"12,148.20",-74,1196,
754,Carter's,3486,15.30%,340,209.70%,3202,"3,763.40",-9,15900,
755,TopBuild,3486,28.30%,324,31.20%,4259,"5,987.10",40,13006,
756,SiteOne Landscape Supply,3476,28.50%,238,96.50%,2116,"7,255.50",46,5475,
757,Texas Roadhouse,3464,44.40%,245,684.80%,2512,"5,787.80",103,73300,
758,Akamai Technologies,3461,8.20%,652,17.00%,8139,"19,210.00",-47,8700,
759,Acuity Brands,3461,4.00%,306,23.40%,3575,"6,628.90",-63,13000,
759,Brown-Forman,3461,2.90%,903,9.20%,6522,"31,376.60",-70,4700,
761,Navient,3454,-7.30%,717,74.00%,80605,"2,592.30",-117,5263,
762,Coterra Energy,3449,135.20%,1158,477.50%,19900,"21,872.10",,936,
763,Option Care Health,3439,13.40%,140,,2791,"5,139.00",-19,6334,
764,Floor & Decor Holdings,3434,41.50%,283,45.30%,3731,"8,573.80",92,9276,
765,Public Storage,3416,17.20%,1953,43.90%,17381,"68,438.20",-3,5800,
766,Cabot,3409,30.40%,250,,3306,"3,871.10",47,4500,
767,Crane Holdings,3408,16.00%,435,140.60%,4487,"6,158.90",-10,11000,
768,Atmos Energy,3408,20.80%,666,10.70%,19609,"16,182.80",10,4684,
769,Selective Insurance Group,3379,15.60%,404,63.90%,10461,"5,391.50",-8,2440,
770,Take-Two Interactive Software,3373,9.20%,589,45.60%,6028,"17,744.10",-40,6495,
771,Boyd Gaming,3370,54.70%,464,,6224,"7,234.00",145,15114,
772,Plexus,3369,-0.60%,139,18.20%,2462,"2,298.60",-87,19200,
773,ScanSource,3364,-6.80%,11,,1672,890.8,-118,2200,
774,Franchise Group,3363,56.20%,364,1351.40%,3913,"1,669.60",150,11895,
775,NLV Financial,3351,30.20%,392,102.50%,41942,,48,1157,
776,CrossAmerica Partners,3351,87.10%,22,-79.80%,1270,826.5,,2218,
777,Mr. Cooper Group,3344,22.40%,1454,376.70%,14204,"3,369.40",15,8200,
778,Fortinet,3342,28.80%,607,24.20%,5919,"54,957.10",38,10195,
779,Brinker International,3338,8.40%,132,439.30%,2275,"1,701.90",-43,59491,
780,Albemarle,3328,6.40%,124,-67.10%,10974,"25,899.40",-57,6000,
781,Peabody Energy,3318,15.20%,360,,4950,"3,391.50",-9,4900,
782,Light & Wonder,3310,21.50%,371,,7883,"5,679.70",12,5600,
783,Evercore,3307,44.70%,740,111.10%,3803,"4,275.10",116,1940,
784,Stewart Information Services,3306,44.50%,323,108.70%,2813,"1,635.10",114,7300,
785,Central Garden & Pet,3304,22.60%,152,25.70%,3117,"2,286.50",19,6750,
786,GMS,3299,1.80%,106,351.50%,2484,"2,142.10",-83,5843,
787,H.B. Fuller,3278,17.50%,161,30.50%,4275,"3,505.20",-1,6500,
788,Middleby,3251,29.30%,489,135.70%,6384,"8,961.10",49,10624,
789,Renewable Energy Group,3244,51.80%,214,74.10%,2559,"3,056.20",139,1196,
790,MSC Industrial Direct,3243,1.60%,217,-13.60%,2462,"4,758.30",-78,6472,
791,Vishay Intertechnology,3241,29.50%,298,142.40%,3543,"2,840.10",49,22800,
792,Applied Industrial Technologies,3236,-0.30%,145,502.10%,2272,"3,947.90",-91,5947,
793,Lincoln Electric Holdings,3234,21.80%,277,34.10%,2592,"8,079.10",16,11000,
794,First Horizon,3234,-4.60%,999,18.20%,89092,"12,542.90",-108,7676,
795,Spirit Airlines,3231,78.50%,-473,,8540,"2,375.40",,9823,
796,AptarGroup,3227,10.20%,244,14.00%,4141,"7,702.90",-37,13000,
797,Citrix Systems,3217,-0.60%,308,-39.00%,6976,"12,704.60",-90,9700,
798,IDEXX Laboratories,3215,18.80%,745,28.00%,2437,"46,089.30",2,10350,
799,Tetra Tech,3214,7.30%,233,33.90%,2577,"8,906.70",-51,21000,
800,Lyft,3208,35.70%,-1009,,4774,"13,384.60",75,4453,
801,Gannett,3208,-5.80%,-135,,2828,643.9,-118,16300,
802,ResMed,3197,8.10%,475,-23.70%,4728,"35,463.30",-51,7970,
803,Designer Brands,3197,43.00%,155,,2015,991.4,104,13500,
804,Graham Holdings,3186,10.30%,352,17.20%,7426,"3,000.60",-36,15048,
805,Vroom,3184,134.50%,-371,,2367,364.7,,1807,
806,Worthington Industries,3171,3.70%,724,818.60%,3373,"2,537.80",-68,9000,
807,Calumet Specialty Products Partners,3148,38.80%,-260,,2128,"1,070.80",96,1450,
808,Xilinx,3148,-0.50%,647,-18.40%,5519,,-92,4890,
809,TransUnion,3145,15.80%,1387,304.20%,12635,"19,882.60",-13,10200,
810,Travel + Leisure,3134,45.10%,308,,6588,"4,966.20",112,16800,
811,Callaway Golf,3133,97.10%,322,,7748,"4,337.10",,24800,
812,Dycom Industries,3131,-2.10%,49,41.50%,2118,"2,821.00",-102,15024,
813,Columbia Sportswear,3126,25.00%,354,227.80%,3067,"5,840.40",28,8325,
814,II-VI,3106,30.50%,298,,6513,"7,708.20",54,22961,
815,Change Healthcare,3090,1470.40%,-112,,10113,"6,799.30",,15000,
816,Grocery Outlet Holding,3080,-1.80%,62,-41.60%,2670,"3,148.00",-94,875,
817,AMC Networks,3078,9.30%,251,4.40%,5749,"1,721.70",-38,1883,
818,Hyster-Yale Materials Handling,3076,9.40%,-173,-566.30%,1970,561.2,-36,8100,
819,ChampionX,3075,61.80%,113,,3535,"4,976.70",167,7000,
820,Comfort Systems USA,3074,7.60%,143,-4.50%,2209,"3,200.50",-44,13200,
821,EQT,3065,0.20%,-1156,,21607,"12,955.40",-82,693,
822,Brown & Brown,3051,16.80%,587,22.20%,9795,"20,395.70",-8,12023,
823,LGI Homes,3050,28.80%,430,32.60%,2352,"2,322.40",50,952,
824,Hyatt Hotels,3028,46.60%,-222,,12603,"10,498.30",122,44000,
825,Comerica,3024,-2.30%,1168,146.40%,94616,"11,854.40",-96,7442,
826,Energizer Holdings,3022,5.60%,161,,5008,"2,191.70",-51,6000,
827,Hill-Rom Holdings,3019,4.80%,249,11.40%,4999,,-54,10000,
828,Rackspace Technology,3010,11.20%,-218,,6329,"2,365.60",-29,6600,
829,Verisk Analytics,2999,7.70%,666,-6.50%,7808,"34,616.20",-41,9367,
830,Spectrum Brands Holdings,2998,-24.40%,190,93.90%,5340,"3,617.60",-209,12100,
831,Euronet Worldwide,2995,20.70%,71,,4744,"6,658.20",16,8800,
832,TEGNA,2991,1.80%,477,-1.20%,6918,"4,962.60",-76,6200,
833,Vontier,2991,10.60%,413,20.80%,4350,"4,087.80",-32,8500,
834,Cadence Design Systems,2988,11.40%,696,17.80%,4386,"45,781.70",-29,9298,
835,Incyte,2986,12.00%,949,,4933,"17,577.60",-28,2094,
836,Match Group,2983,24.80%,278,116.00%,5063,"31,007.00",28,2520,
837,Valvoline,2981,26.70%,420,32.50%,3191,"5,660.50",43,9800,
838,EnerSys,2978,-3.60%,143,4.60%,3463,"3,076.00",-107,11400,
839,Avaya Holdings,2973,3.50%,-13,,5985,"1,076.00",-65,8063,
840,UWM Holdings,2970,-39.90%,98,-97.10%,22528,"7,223.50",-311,8000,
841,Zions Bancorp.,2970,1.00%,1129,109.50%,93200,"9,958.20",-87,9685,
842,Quad/Graphics,2960,-1.60%,38,,1890,388.5,-96,15100,
843,MKS Instruments,2950,26.60%,551,57.50%,4540,"8,327.60",45,6200,
844,Arista Networks,2948,27.20%,841,32.50%,5734,"42,773.40",45,2993,
845,Interactive Brokers Group,2938,18.50%,308,57.90%,109113,"27,961.70",3,2571,
846,Range Resources,2930,48.80%,412,,6661,"7,964.00",120,527,
847,Atkore,2928,65.90%,588,286.00%,2210,"4,415.60",,3700,
848,Cheesecake Factory,2928,47.60%,72,,2798,"2,098.60",111,45800,
849,First Solar,2923,7.80%,469,17.70%,7414,"8,904.40",-51,4800,
850,Bio-Rad Laboratories,2923,14.80%,4246,11.60%,17776,"16,982.20",-21,7900,
851,Cooper Cos.,2923,20.20%,2945,1135.20%,9606,"20,587.80",2,12000,
852,Envista Holdings,2922,28.10%,341,922.50%,6574,"7,882.50",48,11200,
853,Alight,2915,6.90%,-60,,10988,"5,542.20",,16000,
854,Newmark Group,2906,52.60%,751,837.70%,5216,"3,009.90",129,6169,
855,PC Connection,2893,11.70%,70,25.40%,1083,"1,375.80",-38,2542,
856,Host Hotels & Resorts,2890,78.40%,-11,,12352,"13,875.90",,160,
857,Boston Properties,2889,4.40%,505,-42.10%,22365,"20,179.90",-67,743,
858,Western Midstream Partners,2877,3.80%,916,73.90%,11273,"10,177.40",-69,1127,
859,Magellan Midstream Partners,2870,18.20%,982,20.20%,8030,"10,422.10",-4,1715,
860,Hillenbrand,2865,13.80%,250,,4015,"3,216.20",-24,10500,
861,Donaldson,2854,10.50%,287,11.60%,2400,"6,416.40",-40,13100,
862,Moog,2852,-1.10%,157,1608.00%,3433,"2,814.60",-91,14000,
863,Hawaiian Electric Industries,2850,10.50%,246,24.40%,15823,"4,630.00",-41,3623,
864,Five Below,2848,45.20%,279,126.00%,2881,"8,825.00",105,13150,
865,Twilio,2842,61.30%,-950,,12999,"29,916.90",,7867,
866,Univision Communciations,2841,11.80%,134,,14055,,-36,-,
867,Annaly Capital Management,2836,1188.50%,2390,,76764,"10,281.00",,171,
868,Fleetcor Technologies,2834,18.60%,840,19.20%,13405,"19,398.40",-3,9700,
869,West Pharmaceutical Services,2832,31.90%,662,91.20%,3314,"30,508.20",56,10065,
870,Green Plains,2827,47.00%,-66,,2160,"1,662.50",107,859,
871,Cracker Barrel Old Country Store,2821,11.80%,255,,2392,"2,757.60",-38,70000,
872,Virtu Financial,2812,-13.20%,477,-26.50%,10320,"6,622.10",-168,973,
873,Teleflex,2810,10.70%,485,44.70%,6872,"16,642.10",-41,14000,
874,Zynga,2801,41.80%,-104,,6359,"10,463.50",89,2952,
875,Allegheny Technologies,2800,-6.10%,-38,,4285,"3,350.80",-126,6300,
876,AppLovin,2793,92.50%,35,,6164,"20,696.80",,1594,
877,Waters,2786,17.80%,693,32.80%,3095,"18,783.40",-3,7800,
878,Mutual of America Life Insurance,2785,83.60%,51,,28325,,,1146,
879,Hovnanian Enterprises,2783,18.70%,608,1093.50%,2321,371.9,6,1784,
880,Amica Mutual Insurance,2778,1.80%,117,-36.30%,6937,,-87,3510,
881,Caleres,2778,31.20%,137,,1844,727.5,54,7200,
882,FTI Consulting,2776,12.80%,235,11.50%,3101,"5,400.10",-30,6780,
883,Overstock.com,2774,8.80%,389,595.30%,1066,"1,897.80",-56,1350,
884,Visteon,2773,8.80%,41,,2234,"3,056.10",-56,10000,
885,G-III Apparel Group,2767,34.60%,201,752.00%,2743,"1,296.10",64,3250,
886,ITT,2765,11.60%,316,336.30%,3565,"6,415.40",-37,9900,
887,IDEX,2765,17.60%,449,19.00%,4917,"14,591.60",-6,7536,
888,Popular,2765,6.20%,935,84.50%,75098,"6,252.30",-73,8351,
889,Roku,2765,55.50%,242,,4082,"16,949.30",,3000,
890,Schnitzer Steel Industries,2759,61.10%,165,,1494,"1,445.20",,3167,
891,Brookdale Senior Living,2758,-22.10%,-99,-221.10%,6411,"1,308.30",-226,28545,
892,Werner Enterprises,2734,15.30%,259,53.20%,2604,"2,697.90",-21,13525,
893,Americold Realty Trust,2715,36.60%,-31,-224.10%,8216,"7,489.80",64,16275,
894,SkyWest,2714,27.60%,112,,7126,"1,457.60",36,15205,
895,Primerica,2710,22.20%,373,-3.30%,16123,"5,326.80",14,3170,
896,McAfee,2701,-7.10%,849,,3422,,-132,2262,
897,Nu Skin Enterprises,2696,4.40%,147,-23.00%,1907,"2,385.60",-77,19600,
898,Copart,2693,22.10%,937,33.80%,4562,"29,798.80",12,8600,
899,PROG Holdings,2678,7.80%,244,,1622,"1,586.90",-53,2023,
900,Splunk,2674,19.90%,-1339,,5791,"23,881.60",8,7000,
901,MRC Global,2666,4.10%,-14,,1671,995.2,-75,2600,
902,Stericycle,2647,-1.10%,-28,,5473,"5,415.50",-96,15465,
903,Maxim Integrated Products,2633,20.10%,827,26.40%,4523,,9,7100,
904,Ensign Group,2628,9.40%,195,14.20%,2851,"4,958.30",-45,25900,
905,SM Energy,2623,132.80%,36,,5234,"4,746.50",,506,
906,Kaiser Aluminum,2622,123.60%,-19,-164.20%,2422,"1,493.90",,3957,
907,Federated Mutual Insurance,2612,14.10%,320,61.50%,10537,,-10,2702,
908,F5,2603,10.70%,331,7.70%,4997,"12,691.20",-26,6429,
909,Steelcase,2596,-30.30%,26,-86.90%,2354,"1,339.50",-264,11400,
910,Encore Wire,2593,103.00%,541,611.80%,1531,"2,250.30",,1440,
911,Guess,2592,38.10%,171,,2556,"1,305.50",79,12500,
912,Playtika Holding,2583,8.90%,309,235.00%,2803,"7,965.80",-40,4000,
913,Pinterest,2578,52.30%,316,,3537,"16,196.90",,3225,
914,WeWork,2570,-24.80%,-4439,,21756,"4,937.40",,4400,
915,ManTech International,2554,1.40%,137,13.70%,2640,"3,517.60",-80,9800,
916,BrightView Holdings,2554,8.80%,46,,3238,"1,351.50",-32,20150,
917,NortonLifeLock,2552,-33.90%,554,-85.70%,6361,"15,441.90",-286,2800,
918,Deckers Outdoor,2546,19.40%,383,38.50%,2168,"7,457.80",11,3400,
919,Griffon,2542,5.60%,79,48.30%,2605,"1,127.80",-61,6700,
920,AMC Entertainment Holdings,2528,103.50%,-1269,,10822,"12,733.40",,17122,
921,Curtiss-Wright,2506,4.80%,267,32.70%,4104,"5,771.00",-58,7800,
922,MYR Group,2498,11.20%,85,44.70%,1121,"1,594.50",-16,7600,
923,Kontoor Brands,2476,-,195,,1533,"2,325.30",,14000,
924,Liberty Energy,2471,155.80%,-179,,2041,"2,757.90",,3601,
925,Knights of Columbus,2468,4.90%,130,37.20%,28838,,-47,749,
926,AdaptHealth,2465,133.40%,156,,5251,"2,146.60",,10700,
927,MillerKnoll,2465,-0.90%,173,,2062,"2,617.70",-84,7600,
928,Equity Residential,2464,-4.20%,1333,45.90%,21169,"33,802.50",-104,2400,
929,DexCom,2449,27.10%,155,-68.70%,4864,"49,824.50",47,6650,
930,Rollins,2424,12.20%,351,34.50%,1981,"17,260.70",-9,16482,
931,Genesco,2422,35.60%,115,,1562,868.7,,11700,
932,Bruker,2418,21.70%,277,75.60%,3650,"9,694.70",26,7765,
933,Joann,2418,-12.50%,57,-73.30%,2362,463.2,-142,13530,
934,Wolverine World Wide,2415,34.80%,69,,2586,"1,836.10",,4400,
935,Gray Television,2413,1.30%,90,-78.00%,11108,"2,093.20",-68,8801,
936,Affiliated Managers Group,2412,19.00%,566,179.80%,8876,"5,606.80",15,4050,
937,Summit Materials,2410,3.30%,152,10.30%,4239,"3,687.80",-50,5500,
938,SLM,2409,2.40%,1161,31.80%,29222,"5,129.70",-59,1450,
939,Belden,2408,22.10%,64,,3418,"2,492.50",25,7400,
940,Allison Transmission Holdings,2402,15.40%,442,47.80%,4457,"3,810.60",3,3400,
941,Element Solutions,2400,29.50%,203,168.60%,5138,"5,434.80",,5300,
942,Portland General Electric,2396,11.70%,244,57.40%,9494,"4,940.00",-16,2839,
943,REV Group,2381,4.50%,44,,1238,843.4,-41,6800,
944,Acadia Healthcare,2377,-25.90%,191,,4768,"5,891.30",-235,19200,
945,Alexandria Real Estate Equities,2374,2.90%,571,-25.90%,30219,"32,188.60",-55,559,
946,Nordson,2362,11.40%,454,82.10%,3791,"13,157.10",-12,6813,
947,NewMarket,2356,17.20%,191,-29.40%,2558,"3,346.70",7,2104,
948,Ohio National Mutual,2347,7.50%,-85,-177495.80%,40795,,-34,1082,
949,Stepan,2346,25.50%,138,8.70%,2066,"2,215.60",43,2439,
950,Valhi,2335,24.30%,127,130.40%,3005,828.8,39,2847,
951,Hilton Grand Vacations,2335,161.20%,176,,8008,"6,247.90",,13000,
952,Cooper-Standard Holdings,2330,-1.90%,-323,,2227,149,-82,21300,
953,Etsy,2329,35.00%,494,41.30%,3832,"15,787.70",,2402,
954,Crocs,2313,66.90%,726,132.00%,1545,"4,676.20",,5770,
955,Olympic Steel,2312,87.40%,121,,1024,427.8,,1642,
956,Signature Bank,2311,15.20%,918,73.80%,118445,"18,416.90",,1854,
957,SBA Communications,2309,10.80%,238,885.80%,9802,"37,168.70",-15,1596,
958,Murphy Oil,2300,16.70%,-74,,10305,"6,275.30",7,696,
959,Entegris,2299,23.60%,409,38.70%,3192,"17,830.90",38,6850,
960,AvalonBay Communities,2295,-0.30%,1004,21.30%,19902,"34,710.30",-64,2883,
961,Saia,2289,25.60%,253,83.10%,1845,"6,438.40",,11600,
962,E.W. Scripps,2284,19.20%,123,-54.40%,6658,"1,718.30",17,5600,
963,TTEC Holdings,2273,16.60%,141,18.80%,1997,"3,878.00",11,65000,
964,Sun Communities,2273,62.50%,380,188.80%,13494,"20,372.80",,5455,
965,Alpha Metallurgical Resources,2259,36.70%,289,,1858,"2,447.50",,3500,
966,GEO Group,2257,-4.00%,77,-31.50%,4537,809.8,-83,15800,
967,Viasat,2256,-2.30%,4,,5350,"3,630.40",-75,5800,
968,Benchmark Electronics,2255,9.80%,36,154.50%,1904,881.4,-18,10900,
969,Kar Auction Services,2252,2.90%,67,13200.00%,7417,"2,187.30",-56,8928,
970,TTM Technologies,2249,-,54,-69.40%,3026,"1,506.20",-65,16100,
971,Kirby,2247,3.50%,-247,,5399,"4,345.90",-51,5125,
972,Woodward,2246,-10.00%,209,-13.20%,4091,"7,882.40",-130,7200,
973,Clear Channel Outdoor Holdings,2241,20.80%,-434,,5299,"1,630.90",27,4600,
974,Spire,2236,20.50%,272,206.70%,9356,"3,713.60",25,3710,
975,Vista Outdoor,2226,26.70%,266,,1765,"2,007.90",,5900,
976,Surgery Partners,2225,19.60%,-71,,6118,"4,919.10",20,9600,
977,LHC Group,2220,7.60%,116,3.70%,2896,"5,229.60",-30,23000,
978,Amedisys,2214,6.90%,209,13.90%,1857,"5,603.90",-39,21000,
979,Century Aluminum,2213,37.80%,-167,,1570,"2,400.30",,2512,
980,Arch Resources,2208,50.50%,338,,2117,"2,126.20",,3303,
981,Aerojet Rocketdyne Holdings,2188,5.60%,144,4.40%,2434,"3,169.40",-36,5000,
982,Sleep Number,2185,17.70%,154,10.50%,920,"1,123.70",16,5388,
983,HNI,2184,11.70%,60,42.70%,1498,"1,568.70",-12,8000,
984,Pure Storage,2181,29.50%,-143,,3135,"10,238.00",,4200,
985,TrueBlue,2174,17.70%,62,,1033,995.6,,6400,
986,Party City Holdco,2171,17.30%,-7,,2712,402.6,,11450,
987,Dun & Bradstreet Holdings,2166,24.60%,-72,,9997,"7,554.00",,6296,
988,Dropbox,2158,12.70%,336,,3091,"8,873.50",-8,2667,
989,New Jersey Resources,2157,10.40%,118,-39.20%,5722,"4,405.40",-17,1251,
990,Acushnet Holdings,2148,33.20%,179,86.30%,2006,"2,914.00",,6500,
991,Harsco,2147,14.60%,-3,,3054,969.7,,12000,
992,Beazer Homes USA,2140,0.60%,122,133.60%,2079,478.8,-61,1052,
993,Chemed,2139,2.90%,269,-15.90%,1343,"7,592.50",-49,14137,
994,Genesis Energy,2126,16.50%,-165,,5906,"1,435.40",,1898,
995,BWX Technologies,2124,-,306,9.80%,2501,"4,925.60",-63,6600,
996,Vizio Holding,2124,4.00%,-39,-138.40%,936,"1,705.10",,800,
997,1-800-Flowers.com,2122,42.50%,119,101.10%,1077,830,,4800,
998,Cowen,2113,30.20%,296,36.60%,8749,744.1,,1534,
999,Ashland Global Holdings,2111,-11.20%,220,,6612,"5,601.90",-130,4100,
"1,000",DocuSign,2107,45.00%,-70,,2541,"21,302.80",,7461,
